,cluster_id,depth,latitude,longitude,utc_timestamp
0,5,5.0,35.78179,-97.48073,1392423552.99
1,2,5.137,35.88586,-97.30073,1392424759.43
2,5,5.0,35.77693,-97.47593,1392426946.72
3,5,5.0,35.7804,-97.48116,1392429954.31
4,5,5.0,35.78011,-97.47118,1392443470.87
5,5,5.435,35.78148,-97.4734,1392443646.65
6,2,0.106,35.86757,-97.30513,1392446167.91
7,5,5.674,35.78194,-97.47966,1392446455.16
8,5,4.766,35.77818,-97.47675,1392446644.79
9,5,4.507,35.77778,-97.47878,1392449627.22
10,5,5.207,35.77813,-97.47593,1392453156.85
11,2,4.603,35.88503,-97.2885,1392454483.56
12,2,3.228,35.89981,-97.28699,1392454876.63
13,5,5.425,35.78169,-97.4777,1392460721.4
14,5,5.549,35.78102,-97.47642,1392464584.49
15,4,5.0,35.93399,-97.31942,1392468473.21
16,5,5.707,35.78234,-97.47731,1392475708.59
17,5,5.0,35.77616,-97.47297,1392487507.29
18,5,5.0,35.77845,-97.47546,1392488056.7
19,5,5.0,35.77779,-97.47449,1392488781.76
20,5,5.0,35.78103,-97.46517,1392490541.15
21,5,5.436,35.78263,-97.48071,1392492089.33
22,5,5.0,35.77689,-97.47137,1392494261.96
23,5,5.0,35.78357,-97.47905,1392505301.48
24,5,5.0,35.78439,-97.47822,1392505618.6
25,5,5.0,35.78086,-97.47786,1392514111.32
26,5,5.0,35.78091,-97.47701,1392515507.79
27,5,5.509,35.783,-97.47469,1392517016.93
28,5,5.0,35.78018,-97.47867,1392539996.66
29,5,4.225,35.776,-97.47585,1392543946.98
30,5,4.078,35.77565,-97.47863,1392545264.53
31,5,5.0,35.77759,-97.47552,1392549654.58
32,5,3.97,35.77714,-97.47623,1392577529.15
33,5,5.0,35.77749,-97.47619,1392592016.51
34,5,4.403,35.77525,-97.47424,1392605855.67
35,5,7.363,35.77573,-97.46925,1392612899.38
36,5,4.321,35.76749,-97.46817,1392613066.15
37,5,5.391,35.77724,-97.46552,1392613331.78
38,5,6.421,35.78545,-97.47649,1392613586.73
39,5,3.679,35.7712,-97.47095,1392613689.53
40,5,4.364,35.77769,-97.47277,1392613913.82
41,5,5.0,35.76807,-97.46568,1392614408.07
42,5,5.028,35.77062,-97.4642,1392615066.28
43,5,5.0,35.77602,-97.47745,1392615433.18
44,5,5.0,35.78082,-97.4747,1392617273.06
45,5,7.308,35.77798,-97.47929,1392617273.06
46,5,4.548,35.77886,-97.4799,1392618156.42
47,5,5.0,35.77384,-97.47534,1392618619.72
48,5,4.063,35.78051,-97.48664,1392621772.69
49,5,5.0,35.77318,-97.46598,1392622849.91
50,5,4.957,35.77024,-97.47015,1392623152.68
51,5,4.546,35.77026,-97.4597,1392625461.91
52,5,4.959,35.77555,-97.47443,1392626312.89
53,5,4.503,35.77376,-97.47301,1392627766.41
54,5,5.307,35.7785,-97.46743,1392628413.33
55,0,7.759,35.9532,-97.56616,1392628866.02
56,5,5.307,35.78228,-97.48252,1392629565.93
57,5,4.053,35.77277,-97.47455,1392629868.6
58,5,5.63,35.77617,-97.46539,1392632478.62
59,5,5.383,35.78179,-97.47365,1392635467.74
60,5,5.0,35.77183,-97.46692,1392638932.93
61,5,5.743,35.77565,-97.46635,1392639388.37
62,4,3.147,35.97598,-97.36049,1392639447.3
63,5,5.0,35.77233,-97.46328,1392641858.99
64,5,4.428,35.77545,-97.4745,1392646753.77
65,5,5.0,35.77766,-97.4734,1392647850.46
66,5,3.857,35.77167,-97.46416,1392649605.85
67,5,4.152,35.77489,-97.46132,1392650837.18
68,5,4.02,35.77196,-97.46653,1392657186.1
69,5,1.172,35.7676,-97.45301,1392658712.06
70,5,3.94,35.76659,-97.45879,1392658764.12
71,5,4.258,35.77282,-97.46528,1392659485.06
72,5,3.863,35.76819,-97.46059,1392660137.83
73,5,2.714,35.78092,-97.46112,1392662684.93
74,1,8.971,35.82815,-97.47754,1392664237.66
75,5,5.702,35.78236,-97.48145,1392665410.24
76,5,4.324,35.77043,-97.46234,1392666063.88
77,5,5.0,35.78222,-97.46582,1392666974.16
78,5,6.531,35.77644,-97.4646,1392667866.8
79,5,5.332,35.78264,-97.4747,1392668229.43
80,5,5.407,35.7724,-97.46522,1392670768.72
81,5,5.288,35.77051,-97.46341,1392682344.04
82,5,5.459,35.77179,-97.46072,1392683677.28
83,5,4.559,35.77194,-97.47106,1392683706.46
84,5,0.079,35.83071,-97.49165,1392683981.81
85,5,5.078,35.77058,-97.4616,1392685251.5
86,5,6.161,35.7767,-97.46086,1392687176.29
87,5,5.0,35.7816,-97.48108,1392689239.88
88,5,5.0,35.77133,-97.46168,1392691451.27
89,5,4.826,35.77521,-97.47345,1392693079.34
90,5,6.295,35.78021,-97.47541,1392693550.34
91,5,4.723,35.77156,-97.46277,1392695948.61
92,5,5.37,35.78137,-97.48606,1392697058.36
93,5,5.031,35.77652,-97.46733,1392724431.14
94,0,5.0,35.92714,-97.57441,1392724832.91
95,5,3.751,35.77508,-97.4702,1392725150.6
96,5,5.144,35.76963,-97.45854,1392725804.02
97,5,5.0,35.77537,-97.46864,1392726589.7
98,5,5.0,35.77364,-97.46126,1392728018.87
99,5,5.0,35.78712,-97.48293,1392728162.63
100,5,6.28,35.77358,-97.45999,1392728811.59
101,4,5.0,35.94579,-97.41027,1392730108.59
102,5,6.172,35.77392,-97.46431,1392733022.77
103,5,4.431,35.7679,-97.45928,1392735060.49
104,5,4.806,35.77204,-97.45766,1392736638.82
105,5,5.809,35.78285,-97.4785,1392737234.24
106,5,5.0,35.77613,-97.4683,1392742744.28
107,5,4.338,35.77615,-97.47174,1392743956.98
108,5,3.771,35.77604,-97.47311,1392746791.93
109,5,5.0,35.77632,-97.47246,1392748061.93
110,5,5.0,35.77542,-97.47164,1392757676.07
111,3,5.0,35.74265,-97.3523,1392767480.09
112,5,4.063,35.77013,-97.46754,1392768520.7
113,3,6.354,35.74267,-97.35173,1392768848.98
114,3,6.192,35.74287,-97.35078,1392768849.01
115,4,5.0,35.91578,-97.32401,1392770775.11
116,2,5.918,35.89216,-97.27877,1392775963.04
117,5,5.697,35.77374,-97.46392,1392777780.02
118,5,5.012,35.77351,-97.4585,1392779314.63
119,5,5.0,35.7723,-97.46413,1392781549.79
120,3,5.189,35.74626,-97.35318,1392786284.19
121,3,5.0,35.73975,-97.35791,1392786284.31
122,5,4.482,35.76966,-97.45879,1392789909.05
123,5,5.189,35.776,-97.4641,1392817439.35
124,5,4.428,35.77391,-97.46778,1392823540.79
125,5,5.0,35.77709,-97.46564,1392828296.98
126,5,4.641,35.77612,-97.46717,1392845608.25
127,5,5.0,35.77005,-97.46218,1392882576.42
128,5,5.0,35.7703,-97.46251,1392883643.42
129,5,4.31,35.77681,-97.46297,1392896578.14
130,5,5.122,35.77356,-97.46718,1392898314.1
131,5,6.273,35.78447,-97.47511,1392915705.25
132,2,5.0,35.88625,-97.30251,1392919066.12
133,5,6.224,35.78243,-97.47859,1392936030.66
134,5,5.0,35.77345,-97.46166,1392945415.27
135,5,3.88,35.7654,-97.45956,1392980526.48
136,5,5.0,35.77319,-97.46143,1392982365.32
137,5,5.0,35.78096,-97.45901,1392984198.25
138,5,5.0,35.76576,-97.45686,1392986213.71
139,5,6.263,35.78465,-97.47771,1392987041.35
140,5,5.0,35.77274,-97.45524,1393012886.51
141,5,5.166,35.78099,-97.47451,1393018729.65
142,2,5.0,35.88129,-97.30698,1393018872.03
143,5,6.315,35.78669,-97.47852,1393019057.02
144,5,4.761,35.77701,-97.47105,1393019131.89
145,2,5.0,35.88507,-97.30038,1393040876.4
146,5,6.119,35.78225,-97.46821,1393057302.66
147,5,5.442,35.77023,-97.45504,1393060094.9
148,5,5.804,35.78219,-97.46608,1393065787.22
149,5,8.481,35.83842,-97.49442,1393206629.08
150,5,6.061,35.78218,-97.47832,1393220235.75
151,2,5.0,35.88448,-97.29877,1393227374.37
152,2,5.0,35.88114,-97.29606,1393228207.9
153,5,5.0,35.7786,-97.47417,1393229836.28
154,5,5.705,35.77749,-97.47603,1393247002.68
155,5,5.969,35.7864,-97.48301,1393255695.72
156,5,5.0,35.77701,-97.47295,1393292768.07
157,5,5.0,35.76142,-97.45516,1393303336.05
158,5,5.0,35.85031,-97.51474,1393303813.03
159,4,5.0,35.89109,-97.36868,1393305028.68
160,5,5.88,35.84337,-97.51498,1393306643.76
161,5,5.0,35.82685,-97.51273,1393309226.82
162,5,5.0,35.86483,-97.52216,1393309339.17
163,5,5.025,35.85085,-97.50009,1393312809.88
164,2,5.0,35.88208,-97.30245,1393313503.18
165,2,5.0,35.88175,-97.3017,1393314128.86
166,5,5.0,35.8219,-97.49725,1393316862.55
167,5,5.0,35.77258,-97.46324,1393317396.24
168,4,0.003,35.88345,-97.35404,1393332037.17
169,5,5.0,35.76825,-97.46321,1393344279.79
170,2,5.0,35.9592,-97.23487,1393397609.64
171,2,5.0,35.89197,-97.29485,1393416054.58
172,2,5.813,35.88258,-97.30104,1393418668.45
173,5,5.0,35.83598,-97.49672,1393461273.23
174,5,5.0,35.86281,-97.5138,1393461412.84
175,5,5.0,35.83929,-97.53112,1393461964.78
176,1,5.0,35.84369,-97.49044,1393462481.05
177,5,4.879,35.84929,-97.5177,1393464720.46
178,5,5.623,35.78013,-97.46412,1393504559.42
179,5,2.92,35.86333,-97.51829,1393511870.77
180,1,5.0,35.85331,-97.49811,1393524620.4
181,5,4.248,35.76492,-97.45229,1393566365.35
182,3,4.956,35.70174,-97.41673,1393584042.17
183,2,4.274,35.88297,-97.29206,1393614080.96
184,1,4.263,35.86008,-97.49978,1393636356.29
185,5,5.647,35.77012,-97.45914,1393640396.18
186,2,7.273,35.86532,-97.29787,1393652398.69
187,2,5.0,35.88251,-97.29073,1393656951.48
188,2,3.717,35.88151,-97.29693,1393659589.04
189,5,6.521,35.7797,-97.47196,1393660493.56
190,2,4.485,35.8848,-97.30725,1393663414.29
191,2,2.847,35.99002,-97.22559,1393669328.52
192,4,6.561,35.93745,-97.40868,1393675196.17
193,5,5.391,35.78139,-97.47083,1393815199.63
194,5,5.0,35.77984,-97.47097,1393815244.89
195,5,5.421,35.78095,-97.47757,1393815740.19
196,5,4.349,35.77518,-97.45041,1393874194.23
197,4,6.557,35.92711,-97.32939,1393886738.65
198,5,5.371,35.78056,-97.45367,1393891375.6
199,5,5.0,35.77744,-97.45503,1393895433.14
200,4,3.762,35.95396,-97.39596,1393923263.53
201,4,5.0,35.94461,-97.40569,1393968861.71
202,4,5.0,35.94954,-97.40556,1393978325.7
203,2,2.755,35.80429,-97.23105,1393980587.55
204,2,6.354,35.88153,-97.30935,1393981832.0
205,2,6.896,35.87315,-97.30731,1394076449.32
206,5,6.099,35.78146,-97.47266,1394082556.03
207,2,5.0,35.8855,-97.28864,1394096620.52
208,5,6.073,35.78124,-97.47723,1394101944.84
209,2,4.096,35.89528,-97.28957,1394105863.59
210,4,5.0,35.87058,-97.35471,1394109359.34
211,3,5.0,35.71268,-97.43217,1394186756.21
212,3,6.719,35.73784,-97.40533,1394201942.94
213,4,4.411,35.94821,-97.39735,1394203155.3
214,4,5.0,35.94337,-97.40062,1394204175.73
215,2,4.61,35.88874,-97.28426,1394242144.48
216,2,5.0,35.88976,-97.28091,1394242452.92
217,2,2.562,35.89451,-97.27796,1394242943.31
218,2,4.323,35.88909,-97.28438,1394401225.64
219,5,5.0,35.77772,-97.45624,1394437871.14
220,5,5.0,35.77264,-97.45526,1394437871.28
221,2,5.0,35.88945,-97.28159,1394465004.08
222,4,3.823,35.95042,-97.396,1394508162.3
223,2,3.445,35.86975,-97.33351,1394532399.39
224,2,4.891,35.88961,-97.28226,1394542527.71
225,2,3.43,35.88771,-97.27782,1394547574.35
226,2,4.549,35.88694,-97.28013,1394554411.6
227,4,3.726,35.95214,-97.39964,1394560161.46
228,5,5.0,35.76739,-97.45864,1394567106.22
229,2,4.616,35.88448,-97.28467,1394589380.44
230,4,3.247,35.95325,-97.39549,1394610315.92
231,4,4.475,35.95139,-97.39865,1394611063.41
232,4,3.629,35.95069,-97.39473,1394770764.26
233,4,5.0,35.94565,-97.39503,1394832022.05
234,2,5.0,35.89111,-97.28516,1394833453.79
235,2,5.206,35.86465,-97.33535,1394939858.06
236,2,5.798,35.88209,-97.29801,1395039715.46
237,2,5.101,35.89263,-97.27509,1395081955.26
238,2,5.0,35.89327,-97.27769,1395084272.91
239,5,5.213,35.76623,-97.4535,1395101605.51
240,2,5.0,35.8913,-97.28202,1395117104.13
241,2,5.0,35.88435,-97.28825,1395128971.85
242,2,2.762,35.89488,-97.28684,1395157450.87
243,2,6.613,35.88314,-97.2858,1395163990.27
244,2,5.0,35.88755,-97.28136,1395201671.52
245,2,5.0,35.88786,-97.27413,1395213666.28
246,5,5.194,35.78246,-97.48201,1395220057.95
247,2,7.043,35.88457,-97.29453,1395230354.18
248,2,3.984,35.89241,-97.28893,1395231979.97
249,5,5.458,35.77849,-97.47743,1395237511.4
250,1,5.0,35.80795,-97.42667,1395256398.42
251,5,4.48,35.77332,-97.48265,1395311503.11
252,2,4.95,35.88771,-97.28555,1395312642.02
253,2,4.414,35.89108,-97.27484,1395313074.82
254,5,5.0,35.77343,-97.51238,1395313313.34
255,2,4.339,35.88586,-97.27719,1395314174.0
256,2,5.0,35.89119,-97.27103,1395314843.92
257,2,4.183,35.88992,-97.2744,1395317077.38
258,2,5.144,35.89143,-97.27538,1395326357.86
259,2,5.0,35.89456,-97.2798,1395331421.77
260,2,4.216,35.89365,-97.27251,1395334014.48
261,2,4.31,35.89474,-97.27505,1395334129.26
262,2,5.666,35.88825,-97.27824,1395360786.53
263,4,4.948,35.94639,-97.39657,1395380567.16
264,4,3.414,35.95236,-97.39546,1395383787.18
265,4,5.0,35.94523,-97.40253,1395393876.94
266,4,4.561,35.95357,-97.40058,1395394324.86
267,4,4.165,35.94955,-97.4062,1395400853.98
268,2,5.0,35.88958,-97.28221,1395431980.02
269,2,4.454,35.89605,-97.26997,1395455433.9
270,2,5.918,35.88915,-97.27603,1395455647.33
271,2,5.979,35.88887,-97.27885,1395455701.84
272,2,5.0,35.89153,-97.27876,1395457292.16
273,2,4.473,35.88816,-97.29017,1395457355.48
274,2,3.75,35.88557,-97.29549,1395457511.62
275,2,2.936,35.88808,-97.29901,1395457558.31
276,2,5.0,35.8887,-97.31324,1395458757.99
277,2,6.732,35.87609,-97.30223,1395460033.98
278,2,4.445,35.89085,-97.28094,1395503900.26
279,1,5.0,35.83018,-97.42447,1395511392.09
280,2,5.0,35.87954,-97.28906,1395513644.81
281,4,5.099,35.9451,-97.39208,1395523932.68
282,2,5.552,35.8902,-97.29984,1395603290.11
283,4,4.505,35.95093,-97.38754,1395607055.0
284,2,5.023,35.883,-97.28862,1395611243.57
285,2,5.158,35.89438,-97.28981,1395638385.59
286,2,5.0,35.88808,-97.28705,1395651150.33
287,2,5.0,35.88617,-97.28935,1395692938.54
288,2,5.0,35.88594,-97.28799,1395701336.86
289,2,4.884,35.89179,-97.28857,1395732432.01
290,5,6.109,35.74271,-97.55585,1395756079.12
291,4,3.095,35.9505,-97.38847,1395757918.0
292,2,4.856,35.89021,-97.2744,1395764915.71
293,2,5.0,35.86842,-97.28128,1395766660.6
294,5,4.532,35.77712,-97.45793,1395792529.85
295,2,4.599,35.89784,-97.28654,1395803201.8
296,5,3.586,35.76457,-97.45486,1395820348.43
297,2,5.0,35.89254,-97.29258,1395823170.19
298,2,5.0,35.89408,-97.29111,1395843860.79
299,2,4.652,35.89721,-97.28605,1395950716.64
300,2,5.0,35.88575,-97.30675,1395971704.06
301,2,5.045,35.89561,-97.29864,1396019020.64
302,4,4.546,35.94688,-97.40385,1396141534.8
303,2,3.426,35.89448,-97.26765,1396292945.4
304,2,4.646,35.88766,-97.27574,1396308331.82
305,2,5.0,35.88981,-97.27435,1396309273.42
306,2,4.896,35.8882,-97.26743,1396309508.5
307,2,5.564,35.89277,-97.2754,1396309904.81
308,2,5.0,35.88696,-97.26208,1396310387.86
309,2,4.026,35.89291,-97.27391,1396310879.73
310,2,5.0,35.88264,-97.25487,1396311049.49
311,2,5.0,35.8904,-97.27458,1396311273.5
312,2,7.526,35.89376,-97.31062,1396311747.04
313,2,5.0,35.8871,-97.2678,1396311961.13
314,2,6.438,35.88295,-97.26986,1396313982.64
315,2,5.0,35.89585,-97.26879,1396314518.54
316,2,0.296,35.89943,-97.27215,1396315775.47
317,2,5.0,35.90878,-97.22581,1396316092.96
318,2,5.0,35.88822,-97.27435,1396317057.68
319,2,5.0,35.88471,-97.28168,1396317578.77
320,2,5.0,35.89774,-97.26528,1396325366.72
321,2,7.688,35.88404,-97.284,1396325800.39
322,2,2.522,35.89003,-97.2673,1396331746.32
323,2,3.241,35.88743,-97.26498,1396333009.22
324,2,5.246,35.91658,-97.26366,1396333326.84
325,2,4.722,35.89962,-97.26622,1396333523.52
326,2,5.644,35.90233,-97.26246,1396334045.23
327,2,30.818,35.88577,-97.26951,1396336056.29
328,2,0.896,35.85201,-97.28977,1396338821.44
329,2,5.0,35.84604,-97.28644,1396338986.13
330,2,0.656,35.89572,-97.26841,1396339232.8
331,2,4.166,35.88779,-97.26997,1396340266.42
332,2,6.386,35.88378,-97.26221,1396341326.56
333,2,2.445,35.89903,-97.2673,1396353183.56
334,2,5.0,35.88341,-97.26044,1396357153.54
335,2,4.432,35.89185,-97.26086,1396359701.51
336,2,4.413,35.8914,-97.26631,1396368478.59
337,2,5.0,35.88417,-97.28497,1396372033.72
338,2,0.789,35.88571,-97.2873,1396372687.16
339,2,5.204,35.88804,-97.28117,1396412432.34
340,2,5.0,35.89476,-97.29773,1396412807.64
341,2,5.0,35.89487,-97.27427,1396417871.93
342,2,5.0,35.89037,-97.2852,1396456403.34
343,2,4.797,35.89052,-97.27035,1396544210.53
344,2,5.22,35.89414,-97.26819,1396578227.77
345,2,5.0,35.88987,-97.26634,1396579647.73
346,2,5.0,35.88995,-97.27226,1396579793.19
347,2,5.0,35.89126,-97.27338,1396581341.8
348,2,5.0,35.89132,-97.26588,1396592250.88
349,2,4.176,35.89491,-97.26801,1396593754.59
350,2,5.0,35.89556,-97.27132,1396594142.57
351,2,5.0,35.89201,-97.26906,1396604002.96
352,2,5.0,35.88919,-97.27856,1396612135.37
353,2,5.0,35.88871,-97.28371,1396637658.87
354,2,4.53,35.88808,-97.28393,1396648118.93
355,2,5.0,35.88977,-97.26709,1396677710.4
356,3,6.216,35.72874,-97.40324,1396710852.92
357,2,5.015,35.89279,-97.26764,1396794309.87
358,2,5.076,35.89217,-97.26633,1396796334.87
359,2,5.0,35.89267,-97.26385,1396796647.59
360,2,5.104,35.89685,-97.27171,1396803142.63
361,2,4.58,35.89748,-97.26089,1396804447.5
362,2,4.709,35.89501,-97.27048,1396805622.2
363,2,4.285,35.88367,-97.27771,1396816725.21
364,2,5.748,35.89289,-97.26126,1396826595.4
365,2,6.968,35.87839,-97.30638,1396830729.89
366,2,5.0,35.88934,-97.27064,1396832463.28
367,2,4.676,35.88233,-97.29937,1396846422.34
368,2,4.301,35.93155,-97.24133,1396851695.33
369,2,5.0,35.89241,-97.26608,1396864396.19
370,5,7.961,35.77357,-97.48064,1396878615.47
371,2,5.164,35.8911,-97.27438,1396886583.88
372,2,4.223,35.89416,-97.27428,1396887291.76
373,2,5.0,35.89226,-97.28996,1396888866.23
374,2,5.0,35.89232,-97.27303,1396888934.92
375,2,5.0,35.89319,-97.29323,1396889547.7
376,2,4.248,35.889,-97.27862,1396891171.99
377,2,5.0,35.88225,-97.2954,1396892860.48
378,2,5.316,35.89267,-97.29319,1396893702.0
379,2,4.581,35.89366,-97.29269,1396895244.55
380,2,5.308,35.89058,-97.2702,1396896036.42
381,2,4.938,35.89211,-97.27954,1396896779.89
382,1,5.0,35.81762,-97.44997,1396897429.55
383,2,4.499,35.88437,-97.29464,1396899359.65
384,2,5.309,35.89141,-97.26876,1396905564.99
385,2,5.004,35.89151,-97.27264,1396910749.44
386,2,6.272,35.88699,-97.27519,1396946220.9
387,1,5.0,35.87144,-97.46413,1396979197.88
388,2,4.667,35.89375,-97.29263,1397014567.0
389,5,7.125,35.77682,-97.48149,1397019136.54
390,2,4.684,35.89626,-97.28889,1397019873.09
391,5,7.058,35.77711,-97.48102,1397021538.15
392,5,6.958,35.77414,-97.48122,1397023566.82
393,2,4.754,35.89201,-97.29121,1397024702.79
394,2,4.502,35.89365,-97.29044,1397026037.85
395,5,5.748,35.77325,-97.49687,1397062715.53
396,5,6.832,35.77658,-97.48299,1397064470.49
397,5,7.053,35.77697,-97.48049,1397067985.55
398,5,7.089,35.77658,-97.48049,1397072632.47
399,4,6.203,35.98845,-97.32887,1397089072.12
400,5,6.805,35.7754,-97.48165,1397115237.11
401,5,6.837,35.77723,-97.48271,1397115340.52
402,5,6.942,35.77637,-97.4873,1397115433.72
403,5,6.785,35.77329,-97.47688,1397116009.58
404,5,5.537,35.7712,-97.48133,1397117983.72
405,5,5.0,35.78091,-97.48448,1397118041.4
406,5,5.604,35.77396,-97.48611,1397118789.88
407,5,7.151,35.77486,-97.47906,1397118956.61
408,5,6.327,35.77388,-97.48424,1397122198.94
409,5,5.429,35.77431,-97.47989,1397123052.2
410,5,6.006,35.7729,-97.47588,1397130724.45
411,5,5.768,35.77079,-97.48006,1397135927.31
412,5,5.984,35.77087,-97.48022,1397140728.96
413,5,6.818,35.77349,-97.479,1397169201.75
414,2,5.0,35.88668,-97.28775,1397176552.98
415,2,5.0,35.88734,-97.28771,1397180368.48
416,2,5.0,35.85812,-97.24867,1397181193.19
417,2,5.125,35.88624,-97.28703,1397185740.68
418,2,5.236,35.88465,-97.28784,1397190415.27
419,5,5.657,35.77671,-97.49785,1397191535.34
420,2,5.105,35.89219,-97.27375,1397193470.97
421,5,6.185,35.77181,-97.47958,1397196226.19
422,5,5.992,35.77476,-97.48813,1397211744.66
423,2,3.311,35.8815,-97.28953,1397243150.19
424,5,5.115,35.76826,-97.48141,1397270906.46
425,5,5.251,35.76726,-97.48138,1397271218.35
426,5,5.0,35.77308,-97.47597,1397288026.48
427,2,5.0,35.89124,-97.26086,1397300013.78
428,2,2.962,35.89433,-97.28448,1397308437.09
429,2,3.075,35.88986,-97.26814,1397319195.81
430,5,6.968,35.77656,-97.48551,1397338465.98
431,5,6.973,35.77445,-97.47657,1397356797.36
432,5,5.0,35.76739,-97.45284,1397389833.93
433,5,6.344,35.7713,-97.48237,1397394651.63
434,2,5.398,35.89182,-97.29398,1397406460.64
435,5,5.818,35.76982,-97.47926,1397408415.51
436,5,6.31,35.7749,-97.48335,1397408902.2
437,5,5.556,35.76833,-97.48061,1397409801.04
438,2,5.0,35.89086,-97.29623,1397414739.81
439,5,6.143,35.77116,-97.48315,1397419341.1
440,4,4.202,35.97015,-97.37734,1397436112.68
441,2,5.0,35.87506,-97.30216,1397445564.11
442,5,5.0,35.77846,-97.49073,1397449148.06
443,5,7.45,35.77506,-97.48394,1397481478.63
444,5,7.269,35.77612,-97.48611,1397481618.53
445,5,7.118,35.77668,-97.48772,1397481673.96
446,5,5.301,35.76896,-97.45397,1397487341.98
447,5,5.0,35.78112,-97.48018,1397504739.73
448,2,4.938,35.88461,-97.29122,1397530830.92
449,2,5.0,35.89309,-97.27608,1397537845.99
450,2,3.6,35.99181,-97.21117,1397546221.45
451,4,4.255,35.97011,-97.35343,1397564392.57
452,4,5.0,35.97176,-97.35702,1397566498.04
453,2,4.846,35.89293,-97.27177,1397708939.69
454,5,5.0,35.78251,-97.46591,1397710568.18
455,1,5.0,35.85842,-97.45364,1397756621.09
456,2,4.292,35.89162,-97.27229,1397791213.76
457,2,4.176,35.89248,-97.27416,1397795613.49
458,5,5.389,35.77934,-97.47382,1397841967.41
459,3,5.193,35.73654,-97.40845,1397848761.05
460,3,5.483,35.73782,-97.41417,1397850031.01
461,5,6.717,35.77398,-97.48206,1398020833.11
462,5,6.95,35.78107,-97.48369,1398021158.5
463,5,6.181,35.77166,-97.48286,1398021221.57
464,5,7.193,35.77244,-97.47185,1398022292.23
465,5,7.069,35.77555,-97.48129,1398022362.5
466,5,5.805,35.77311,-97.48763,1398028197.3
467,5,6.963,35.7797,-97.49326,1398049853.94
468,0,5.0,35.86885,-97.55017,1398062850.44
469,4,4.912,35.96836,-97.38226,1398087841.23
470,4,5.0,35.98505,-97.36115,1398096291.23
471,4,5.0,35.96379,-97.38374,1398097410.7
472,5,6.027,35.77819,-97.48975,1398097675.39
473,4,3.841,35.96714,-97.37855,1398106492.77
474,5,6.756,35.7778,-97.48795,1398122658.07
475,3,5.0,35.72115,-97.41547,1398127442.56
476,2,5.0,35.88725,-97.2895,1398127960.21
477,5,6.941,35.77444,-97.49144,1398128441.81
478,2,4.523,35.88654,-97.28914,1398153857.24
479,2,5.0,35.88992,-97.28398,1398155536.01
480,5,6.763,35.77834,-97.49226,1398156724.23
481,2,5.0,35.8826,-97.2879,1398170282.58
482,2,4.616,35.88441,-97.29218,1398195249.23
483,5,4.971,35.76693,-97.49367,1398208405.99
484,2,4.489,35.88676,-97.28853,1398220980.75
485,5,6.378,35.77493,-97.48373,1398230874.25
486,4,3.699,35.96863,-97.37859,1398237821.69
487,4,3.671,35.96881,-97.38243,1398258440.6
488,4,4.506,35.96719,-97.37943,1398270173.91
489,2,4.017,35.90327,-97.25462,1398288083.51
490,4,5.0,35.96634,-97.36645,1398316031.82
491,5,6.952,35.77608,-97.48571,1398319186.04
492,2,5.0,35.87618,-97.30234,1398449198.84
493,2,5.136,35.88399,-97.28645,1398582343.46
494,2,5.899,35.99561,-97.22496,1398617216.82
495,2,5.0,35.99672,-97.2259,1398667168.51
496,5,6.425,35.77631,-97.47951,1398730995.17
497,2,5.446,35.87753,-97.30128,1398786921.26
498,2,6.249,35.87281,-97.30023,1398788155.19
499,2,5.294,35.99382,-97.22862,1398830028.22
500,2,5.0,35.9963,-97.22428,1398969227.62
501,4,4.885,35.94653,-97.40443,1398970945.55
502,2,5.779,35.87632,-97.30212,1398980670.89
503,2,5.979,35.87598,-97.29884,1399026560.41
504,4,3.885,35.96562,-97.38132,1399108382.66
505,4,5.926,35.96332,-97.38235,1399238143.67
506,5,6.922,35.77554,-97.48809,1399247963.62
507,2,5.0,35.88231,-97.29242,1399296657.83
508,2,5.0,35.9999,-97.23016,1399315766.17
509,2,4.776,35.90391,-97.26452,1399356490.44
510,2,7.291,35.85397,-97.30537,1399456479.19
511,3,5.0,35.72033,-97.40774,1399460759.53
512,3,5.009,35.72282,-97.41746,1399467033.95
513,2,5.0,35.89622,-97.2907,1399514899.11
514,2,5.0,35.89635,-97.2598,1399519266.44
515,2,3.315,35.89369,-97.28476,1399520296.25
516,2,5.0,35.8925,-97.28912,1399520508.65
517,3,4.501,35.72161,-97.40068,1399798776.74
518,3,5.0,35.72088,-97.41443,1399857253.23
519,2,6.139,35.87758,-97.29625,1399859130.4
520,3,3.646,35.7212,-97.22544,1399940989.61
521,5,5.0,35.78313,-97.4946,1399959678.85
522,3,6.463,35.72717,-97.42654,1399965788.48
523,5,5.0,35.78669,-97.49855,1399971394.8
524,5,5.0,35.772,-97.47636,1399994684.84
525,5,5.529,35.76553,-97.56947,1400010792.69
526,5,5.403,35.77413,-97.48633,1400052121.18
527,5,5.212,35.7598,-97.56618,1400089540.12
528,2,4.603,35.8884,-97.28119,1400166678.34
529,5,6.987,35.77625,-97.47855,1400185401.33
530,5,7.016,35.77611,-97.48402,1400187518.92
531,4,5.0,35.96968,-97.3326,1400198174.01
532,2,5.0,35.84533,-97.34592,1400343109.16
533,5,7.124,35.77274,-97.48994,1400521782.68
534,5,7.593,35.77447,-97.48695,1400522850.58
535,5,6.978,35.77772,-97.46793,1400726770.32
536,1,5.0,35.84106,-97.4164,1401093643.93
537,5,4.639,35.72527,-97.51889,1401164583.38
538,5,4.883,35.7257,-97.52552,1401166517.64
539,5,5.0,35.72538,-97.5268,1401167812.0
540,5,6.405,35.72472,-97.52714,1401168133.09
541,5,7.036,35.73001,-97.53136,1401170452.47
542,1,5.0,35.84565,-97.41988,1401255004.2
543,2,4.637,35.89206,-97.29312,1401386621.26
544,4,0.953,35.97245,-97.35009,1401714074.94
545,3,5.0,35.72769,-97.40436,1401714507.01
546,5,5.0,35.72677,-97.52982,1401717681.71
547,5,5.204,35.72891,-97.52202,1401718615.62
548,3,5.284,35.71815,-97.42666,1401748520.96
549,3,5.048,35.71929,-97.42602,1401749141.26
550,3,5.425,35.72003,-97.42609,1401750234.26
551,3,5.301,35.71875,-97.42442,1401750482.93
552,2,4.759,35.88935,-97.30267,1401751296.31
553,3,3.429,35.73687,-97.39466,1401751784.68
554,3,4.152,35.73056,-97.41302,1401759679.14
555,3,5.0,35.71886,-97.4221,1401761744.77
556,3,4.58,35.72734,-97.40902,1401825004.71
557,4,4.993,35.9465,-97.39599,1401905451.06
558,3,5.0,35.72328,-97.41705,1401931453.76
559,3,4.655,35.73746,-97.4007,1401959820.47
560,3,4.107,35.72941,-97.41001,1402008999.87
561,2,0.908,35.8955,-97.26859,1402086446.48
562,3,4.417,35.7349,-97.40233,1402090106.11
563,3,5.0,35.71767,-97.42339,1402124995.31
564,3,6.096,35.71563,-97.43008,1402207864.36
565,3,6.106,35.71563,-97.43012,1402240157.9
566,3,5.113,35.72109,-97.41535,1402351238.96
567,5,7.289,35.7773,-97.49124,1402370529.15
568,3,5.0,35.71684,-97.42818,1402384795.07
569,3,5.0,35.71243,-97.43582,1402385213.23
570,3,5.224,35.71553,-97.42879,1402413231.06
571,3,5.289,35.71601,-97.42729,1402414188.4
572,3,5.597,35.71566,-97.42999,1402417102.53
573,3,5.115,35.71681,-97.42377,1402427092.44
574,3,4.966,35.72062,-97.42159,1402542378.82
575,3,4.287,35.73816,-97.40736,1402548833.37
576,3,5.395,35.73873,-97.41227,1402604740.28
577,3,5.695,35.73928,-97.41191,1402615152.93
578,3,5.0,35.73857,-97.41095,1402615648.46
579,3,4.655,35.71086,-97.43802,1402623514.48
580,5,6.732,35.77601,-97.48272,1402666526.57
581,3,5.538,35.71618,-97.43117,1403055774.26
582,3,4.216,35.71135,-97.43658,1403064918.84
583,3,4.199,35.71671,-97.43591,1403065511.33
584,3,4.802,35.71181,-97.43484,1403065896.48
585,3,5.905,35.71361,-97.4334,1403096221.67
586,3,4.66,35.7091,-97.43988,1403096630.81
587,2,5.0,35.87615,-97.30772,1403208149.04
588,3,4.583,35.72618,-97.40757,1403285797.24
589,5,5.403,35.77388,-97.47852,1403509326.13
590,5,6.715,35.77805,-97.4864,1403643685.82
591,2,4.473,35.8843,-97.25891,1403689243.97
592,2,6.468,35.88093,-97.26917,1403699951.13
593,5,5.0,35.77945,-97.4838,1403739840.49
594,5,5.0,35.77156,-97.49104,1403760404.93
595,5,5.563,35.76834,-97.48453,1403761137.15
596,5,6.551,35.76736,-97.47623,1403761287.23
597,5,7.142,35.7744,-97.4797,1403762438.02
598,5,6.166,35.7749,-97.49125,1403763210.18
599,5,6.688,35.77836,-97.49963,1403763301.89
600,5,5.0,35.80353,-97.51932,1403763545.76
601,2,6.459,35.86708,-97.31135,1403770887.09
602,2,4.989,35.8863,-97.26258,1403825283.43
603,2,5.188,35.8909,-97.26666,1403827017.41
604,2,4.762,35.88386,-97.26083,1403853046.25
605,2,5.0,35.88547,-97.31249,1403864649.66
606,2,5.0,35.88562,-97.31248,1403872617.63
607,2,5.0,35.88564,-97.31031,1403881742.81
608,2,5.0,35.8892,-97.31004,1403884410.51
609,5,5.137,35.76999,-97.4734,1403933999.12
610,3,5.009,35.72043,-97.41734,1403945273.2
611,2,3.457,35.88995,-97.25795,1404013696.51
612,2,5.0,35.88769,-97.31084,1404080955.44
613,2,4.518,35.88583,-97.26579,1404126231.68
614,2,5.901,35.87839,-97.26383,1404138957.3
615,2,6.204,35.87989,-97.26616,1404140061.83
616,2,6.195,35.88242,-97.26611,1404158883.16
617,2,5.0,35.88451,-97.2607,1404172072.91
618,2,4.949,35.88546,-97.26392,1404174153.8
619,2,5.0,35.88158,-97.26014,1404179002.46
620,5,5.0,35.75298,-97.50446,1404316539.13
621,3,5.647,35.70562,-97.41779,1404348396.58
622,2,5.0,35.88985,-97.27179,1404459395.74
623,2,5.0,35.88529,-97.26744,1404528013.67
624,1,4.312,35.81496,-97.41831,1404556452.98
625,2,5.0,35.87933,-97.26532,1404566660.46
626,2,4.667,35.88228,-97.26376,1404889867.23
627,2,5.151,35.88241,-97.26568,1404923126.52
628,2,5.292,35.85997,-97.31853,1405083165.41
629,2,5.525,35.85944,-97.31873,1405085912.68
630,2,5.0,35.86568,-97.31059,1405161669.09
631,2,5.0,35.86275,-97.31245,1405164446.49
632,2,5.0,35.85218,-97.31665,1405179473.92
633,2,4.001,35.86532,-97.32172,1405183636.94
634,2,4.047,35.86215,-97.32444,1405185106.74
635,2,4.997,35.85804,-97.32533,1405186467.61
636,2,1.521,35.8746,-97.31638,1405189764.14
637,2,5.0,35.86778,-97.31172,1405195077.44
638,2,4.509,35.884,-97.30699,1405198786.61
639,2,1.529,35.87088,-97.31051,1405198999.27
640,2,5.0,35.86709,-97.32153,1405200358.28
641,2,5.0,35.87787,-97.31775,1405201859.63
642,2,3.597,35.86349,-97.32433,1405204088.42
643,2,2.755,35.86349,-97.32111,1405210974.16
644,2,1.898,35.86737,-97.32019,1405211146.05
645,2,5.42,35.8722,-97.30397,1405213076.93
646,2,3.444,35.86486,-97.31286,1405216039.3
647,2,5.0,35.87126,-97.31186,1405216664.61
648,2,5.0,35.86953,-97.30692,1405217302.65
649,2,2.528,35.86269,-97.33618,1405218844.08
650,2,4.625,35.87128,-97.31139,1405219112.41
651,2,2.211,35.87478,-97.30293,1405220800.74
652,2,3.532,35.87407,-97.31291,1405221891.69
653,2,4.818,35.8667,-97.31584,1405262366.55
654,2,4.825,35.85884,-97.32368,1405263062.28
655,2,4.738,35.86973,-97.3232,1405268755.9
656,2,3.965,35.87714,-97.31818,1405334657.35
657,1,3.544,35.81563,-97.41566,1405353695.5
658,2,4.588,35.87084,-97.30957,1405355314.42
659,2,4.585,35.87142,-97.30981,1405355776.06
660,2,5.117,35.87214,-97.3092,1405356614.49
661,1,2.667,35.81514,-97.41362,1405361085.55
662,2,5.0,35.86795,-97.31519,1405380207.48
663,2,4.654,35.87016,-97.30724,1405381066.74
664,2,4.768,35.86715,-97.31349,1405385105.07
665,5,6.144,35.77841,-97.46996,1405396209.44
666,1,3.865,35.81451,-97.41218,1405410843.65
667,2,5.0,35.87082,-97.31661,1405469393.16
668,3,5.174,35.71836,-97.42948,1405475866.59
669,3,4.588,35.71615,-97.20293,1405479257.33
670,2,5.083,35.87024,-97.31005,1405523820.39
671,2,5.0,35.86021,-97.32238,1405555798.67
672,1,6.21,35.81321,-97.41805,1405585990.63
673,1,4.263,35.81492,-97.41888,1405595756.94
674,2,5.0,35.86711,-97.31873,1405609128.68
675,5,5.436,35.73672,-97.51665,1405628398.22
676,2,4.603,35.87029,-97.31725,1405648777.2
677,2,5.0,35.87825,-97.30653,1405742691.02
678,5,6.735,35.7748,-97.48716,1405973773.52
679,1,5.0,35.82228,-97.41454,1405977153.45
680,1,4.146,35.81364,-97.41321,1405979156.28
681,3,4.772,35.70633,-97.29484,1405986288.62
682,1,4.13,35.81414,-97.41611,1405999697.09
683,1,4.392,35.81528,-97.41816,1406001290.69
684,5,6.553,35.77936,-97.47494,1406004611.13
685,1,3.324,35.81204,-97.41105,1406024319.29
686,1,4.219,35.81821,-97.41664,1406024415.22
687,1,4.786,35.80847,-97.42191,1406042566.69
688,1,4.182,35.81402,-97.41374,1406050089.74
689,1,3.959,35.81633,-97.41886,1406075114.6
690,2,5.264,35.87792,-97.30932,1406080946.43
691,2,4.988,35.87792,-97.30589,1406095093.24
692,2,5.048,35.8766,-97.30531,1406098807.04
693,2,4.609,35.87653,-97.30584,1406105815.77
694,2,5.0,35.88165,-97.30651,1406115853.02
695,2,5.099,35.87871,-97.30477,1406124227.57
696,2,5.0,35.88426,-97.3079,1406151502.76
697,1,5.0,35.87253,-97.39494,1406186579.21
698,2,1.706,35.87566,-97.30965,1406194733.53
699,5,5.0,35.77074,-97.45215,1406197648.23
700,1,5.062,35.86735,-97.39442,1406211920.56
701,2,6.274,35.85058,-97.32996,1406525397.32
702,2,5.0,35.85633,-97.32977,1406580676.17
703,1,4.435,35.81691,-97.41483,1406588701.6
704,2,5.041,35.88078,-97.25376,1406635630.86
705,1,5.0,35.81878,-97.4217,1406637186.67
706,3,5.0,35.72122,-97.41821,1406706863.11
707,1,3.558,35.81966,-97.41579,1406729826.95
708,3,5.283,35.71943,-97.42738,1406737291.94
709,3,5.455,35.71806,-97.42735,1406737572.53
710,3,5.0,35.71615,-97.42385,1406738281.0
711,3,5.0,35.71772,-97.42681,1406738819.08
712,3,5.0,35.71973,-97.41055,1406739809.86
713,3,5.503,35.72106,-97.42109,1406740812.02
714,3,4.873,35.7147,-97.42915,1406742264.76
715,3,4.766,35.7169,-97.42165,1406744721.75
716,3,4.763,35.71363,-97.42584,1406745865.71
717,3,5.049,35.7196,-97.42457,1406746233.4
718,3,5.349,35.72149,-97.42024,1406753952.67
719,3,5.0,35.71854,-97.43198,1406764083.25
720,2,3.663,35.88942,-97.26643,1406774450.04
721,3,5.21,35.71093,-97.43262,1406803221.35
722,3,6.261,35.71866,-97.4284,1406803788.78
723,3,4.636,35.72164,-97.41438,1406854491.36
724,2,6.411,35.87268,-97.30972,1406889580.96
725,3,5.0,35.71168,-97.44181,1406908278.06
726,3,5.0,35.71439,-97.44173,1406910571.33
727,3,5.242,35.71339,-97.44207,1406910800.52
728,1,3.757,35.81636,-97.42448,1406953311.64
729,1,5.0,35.81191,-97.42287,1406975045.94
730,1,3.858,35.81558,-97.41944,1407022211.08
731,5,6.664,35.77153,-97.47987,1407041877.53
732,1,4.045,35.81448,-97.42066,1407048847.75
733,1,3.775,35.81849,-97.42246,1407068486.56
734,3,5.739,35.71364,-97.43765,1407077666.86
735,2,4.981,35.85985,-97.32603,1407100238.38
736,1,4.259,35.81475,-97.42028,1407156134.42
737,1,5.0,35.81474,-97.41959,1407166242.76
738,1,5.0,35.80886,-97.41566,1407167510.01
739,1,5.0,35.84562,-97.38699,1407182370.32
740,1,5.0,35.84378,-97.38647,1407183370.05
741,1,5.0,35.84143,-97.39315,1407185546.54
742,1,5.0,35.84379,-97.38589,1407196866.13
743,2,5.0,35.8639,-97.31193,1407215457.36
744,1,3.714,35.81345,-97.41844,1407220281.08
745,5,4.513,35.77258,-97.47877,1407232030.84
746,1,5.0,35.81551,-97.41836,1407244241.76
747,1,4.169,35.81619,-97.42477,1407247452.04
748,1,5.0,35.84081,-97.38883,1407338510.59
749,1,4.433,35.84328,-97.39285,1407345416.51
750,1,4.278,35.81513,-97.4287,1407435619.44
751,1,5.0,35.81816,-97.4275,1407458587.0
752,1,5.0,35.81107,-97.44219,1407472565.5
753,1,3.397,35.81993,-97.41334,1407486016.53
754,1,5.0,35.81342,-97.42879,1407489278.75
755,3,5.399,35.74567,-97.39601,1407496272.54
756,1,3.8,35.82274,-97.42875,1407496607.17
757,2,5.0,35.86215,-97.31142,1407497155.6
758,1,5.0,35.81578,-97.43057,1407497736.29
759,1,3.319,35.8234,-97.42165,1407503032.59
760,1,5.0,35.82305,-97.43666,1407514343.78
761,1,5.0,35.82002,-97.42928,1407521268.09
762,1,4.273,35.81909,-97.42937,1407523548.71
763,1,3.725,35.824,-97.43278,1407525530.96
764,1,4.04,35.81576,-97.42007,1407529316.83
765,1,4.161,35.81416,-97.41731,1407530737.83
766,1,3.815,35.8156,-97.42209,1407531520.07
767,1,3.375,35.81746,-97.42513,1407533294.42
768,1,3.75,35.81234,-97.41502,1407574603.93
769,1,4.041,35.81345,-97.41979,1407578306.34
770,1,4.233,35.81555,-97.42054,1407631986.38
771,5,4.319,35.77452,-97.48147,1407717512.46
772,3,7.077,35.72389,-97.41905,1407772323.35
773,1,4.088,35.81749,-97.42991,1407788175.7
774,1,4.287,35.81699,-97.4232,1407820295.91
775,1,4.098,35.81819,-97.43038,1407827244.19
776,1,5.0,35.81669,-97.42307,1407834402.78
777,1,4.054,35.81866,-97.41818,1407839048.76
778,2,4.784,35.86024,-97.30653,1407866200.09
779,2,5.169,35.87564,-97.305,1407877911.44
780,1,3.717,35.81777,-97.42658,1407928128.41
781,2,5.117,35.86131,-97.32269,1408025731.68
782,2,3.849,35.86432,-97.31802,1408026309.33
783,2,5.0,35.86871,-97.32281,1408037570.73
784,1,4.148,35.79501,-97.44537,1408196906.6
785,2,6.629,35.85195,-97.35014,1408198414.53
786,5,4.608,35.775,-97.4737,1408203720.33
787,1,4.354,35.81719,-97.41898,1408260273.09
788,1,3.435,35.81916,-97.42422,1408356323.27
789,1,5.0,35.82097,-97.42874,1408433440.64
790,5,4.923,35.77268,-97.46767,1408452095.78
791,5,4.509,35.76806,-97.46597,1408452268.37
792,5,5.0,35.76956,-97.47908,1408452351.31
793,5,5.497,35.7767,-97.48871,1408454773.06
794,5,3.749,35.76171,-97.48437,1408456251.2
795,5,5.0,35.77717,-97.49107,1408457764.62
796,5,9.544,35.77134,-97.48926,1408458157.47
797,5,5.0,35.7281,-97.53976,1408458679.04
798,5,4.724,35.77491,-97.47638,1408459022.75
799,5,6.667,35.77877,-97.49686,1408462478.14
800,5,5.135,35.77154,-97.46008,1408466997.34
801,1,3.989,35.80967,-97.44134,1408468533.46
802,5,5.565,35.77034,-97.46362,1408468791.56
803,5,6.029,35.76803,-97.46745,1408468961.33
804,5,5.0,35.76413,-97.46984,1408489637.0
805,5,5.497,35.76859,-97.4689,1408524559.55
806,2,5.0,35.88393,-97.2614,1408530889.43
807,2,4.46,35.88174,-97.26384,1408532209.86
808,2,4.463,35.88324,-97.2625,1408532499.49
809,2,5.0,35.88284,-97.26465,1408532593.13
810,5,5.0,35.77716,-97.4809,1408533716.57
811,2,4.887,35.88604,-97.26337,1408534319.4
812,2,4.52,35.88508,-97.26382,1408536117.43
813,2,5.0,35.88288,-97.26884,1408538286.23
814,2,4.474,35.88622,-97.26807,1408542746.68
815,5,6.164,35.76291,-97.49722,1408603244.3
816,5,4.733,35.76294,-97.49875,1408606898.31
817,2,5.0,35.9365,-97.2019,1408676513.55
818,2,5.0,35.9377,-97.20152,1408676998.57
819,1,3.228,35.82195,-97.43125,1408698621.02
820,1,5.0,35.83901,-97.3957,1408704088.26
821,5,5.638,35.76798,-97.48486,1408783879.27
822,1,5.243,35.81347,-97.43579,1408791994.03
823,1,4.204,35.8207,-97.43119,1408796872.86
824,1,4.21,35.81752,-97.43838,1408871652.07
825,5,6.102,35.78149,-97.47266,1408878625.34
826,1,4.27,35.81796,-97.43141,1408932750.09
827,1,4.769,35.81715,-97.43307,1408932802.6
828,1,3.594,35.82161,-97.4341,1409065448.31
829,1,5.0,35.81677,-97.43465,1409069110.04
830,2,4.057,35.86857,-97.32967,1409228199.93
831,1,3.61,35.81894,-97.43129,1409326765.39
832,5,5.0,35.76768,-97.4913,1409395447.81
833,1,5.0,35.81331,-97.41631,1409480516.71
834,1,3.323,35.81647,-97.41017,1409686433.47
835,1,4.406,35.81981,-97.41596,1409703239.07
836,1,4.356,35.816,-97.4175,1409703971.93
837,1,5.0,35.81261,-97.4295,1409707876.76
838,1,3.594,35.8177,-97.44034,1409759541.87
839,1,3.571,35.81723,-97.44009,1409806914.21
840,1,3.621,35.8191,-97.43873,1409812136.78
841,1,3.783,35.81669,-97.41203,1409853859.5
842,1,3.638,35.82225,-97.4475,1409860628.05
843,1,3.188,35.81784,-97.4277,1409906584.65
844,1,3.724,35.81793,-97.42877,1409906950.99
845,1,4.815,35.81448,-97.43996,1409997900.26
846,4,3.099,35.96509,-97.36272,1410304052.32
847,5,4.734,35.77363,-97.48451,1410321841.03
848,5,5.01,35.77327,-97.4851,1410328995.92
849,1,5.0,35.81681,-97.42917,1410360762.64
850,5,7.39,35.77916,-97.48776,1410453927.69
851,5,5.0,35.77353,-97.4848,1410476475.2
852,1,3.703,35.80403,-97.45223,1410494797.84
853,4,4.119,35.96093,-97.37731,1410498903.58
854,4,4.63,35.96511,-97.35869,1410546538.16
855,5,5.448,35.74997,-97.56746,1410551095.24
856,1,5.0,35.81568,-97.41609,1410719471.57
857,1,4.324,35.81642,-97.41768,1410739876.51
858,2,3.777,35.88815,-97.29234,1410748418.64
859,1,3.897,35.81697,-97.4163,1410750234.32
860,1,4.427,35.81407,-97.42748,1410811683.35
861,1,4.966,35.82034,-97.42573,1410812052.58
862,1,4.899,35.82088,-97.4289,1410812967.83
863,1,4.135,35.81976,-97.42062,1410813584.91
864,1,4.722,35.82099,-97.42751,1410814814.17
865,1,4.335,35.82057,-97.42332,1410815393.58
866,1,3.429,35.82481,-97.42031,1410844644.87
867,1,4.452,35.82042,-97.42265,1410848190.48
868,1,5.0,35.82596,-97.43381,1410876526.43
869,1,3.934,35.82061,-97.42651,1410909342.15
870,1,4.194,35.81662,-97.42014,1410947979.01
871,1,5.084,35.81813,-97.44237,1410971603.44
872,1,5.0,35.82185,-97.42419,1411044859.97
873,1,5.0,35.81451,-97.41224,1411055920.37
874,1,4.624,35.82396,-97.42366,1411056474.32
875,2,5.069,35.80731,-97.27293,1411060117.02
876,1,4.488,35.81803,-97.42252,1411085283.23
877,1,4.048,35.81737,-97.42333,1411100466.85
878,1,4.141,35.81848,-97.41996,1411147397.89
879,1,4.27,35.81649,-97.41472,1411152733.81
880,3,5.894,35.70245,-97.45052,1411207165.63
881,1,4.269,35.82033,-97.42043,1411240509.05
882,1,4.716,35.8207,-97.42313,1411259772.14
883,1,4.4,35.82164,-97.42019,1411314579.63
884,1,4.58,35.81313,-97.41399,1411344788.14
885,4,4.336,35.97095,-97.38612,1411356317.31
886,1,5.0,35.84398,-97.38158,1411358681.07
887,1,5.0,35.81704,-97.41894,1411383310.24
888,1,4.395,35.82152,-97.43585,1411452656.02
889,1,3.809,35.81257,-97.43546,1411456981.76
890,1,5.0,35.81844,-97.42032,1411468440.94
891,1,4.085,35.81871,-97.43655,1411476346.43
892,1,4.192,35.81662,-97.42373,1411484863.5
893,1,5.264,35.82317,-97.42562,1411491990.9
894,5,5.78,35.77671,-97.48869,1411527007.47
895,4,4.392,35.96438,-97.35163,1411530817.78
896,1,3.699,35.81894,-97.43584,1411531893.4
897,4,3.804,35.92878,-97.43462,1411612761.74
898,2,5.0,35.87716,-97.26646,1411613978.74
899,4,5.0,35.92788,-97.43813,1411621705.01
900,1,5.408,35.86053,-97.47269,1411696565.09
901,1,4.068,35.81419,-97.42292,1411767799.91
902,1,4.48,35.81997,-97.43176,1411820089.17
903,1,4.442,35.8264,-97.43267,1411820960.11
904,1,2.8,35.81772,-97.43283,1411821483.02
905,1,5.365,35.81596,-97.41669,1411934365.07
906,2,5.694,35.87852,-97.27687,1411955354.04
907,2,4.861,35.87985,-97.27115,1411964047.77
908,1,4.222,35.81957,-97.42342,1411965989.71
909,5,5.0,35.77364,-97.48486,1411966899.18
910,0,5.094,35.97403,-97.55125,1412021116.75
911,1,5.264,35.81675,-97.41634,1412099450.7
912,5,4.897,35.77486,-97.47536,1412125162.97
913,1,3.101,35.82253,-97.43439,1412142084.39
914,1,5.0,35.81923,-97.41802,1412174239.31
915,2,5.185,35.85854,-97.30309,1412184870.97
916,1,4.556,35.81578,-97.42018,1412201701.21
917,2,5.0,35.89131,-97.25431,1412221992.43
918,1,5.187,35.81725,-97.41935,1412246815.15
919,1,5.0,35.81562,-97.41971,1412327645.64
920,1,3.719,35.82174,-97.43887,1412339133.32
921,1,5.405,35.81917,-97.4215,1412361215.22
922,1,6.303,35.82235,-97.42979,1412424128.11
923,1,5.0,35.81343,-97.41953,1412499853.94
924,1,5.037,35.81884,-97.41736,1412503707.9
925,2,4.471,35.8756,-97.26562,1412504258.85
926,1,4.776,35.8171,-97.42204,1412504690.99
927,1,4.33,35.80392,-97.45255,1412531588.93
928,1,4.394,35.82094,-97.43283,1412698427.11
929,4,4.862,35.96405,-97.37728,1412707169.97
930,1,4.146,35.80565,-97.45186,1412714825.52
931,1,4.01,35.82072,-97.43098,1412754090.37
932,1,5.0,35.81884,-97.43401,1412761125.57
933,1,5.0,35.81079,-97.41605,1412833812.9
934,1,3.951,35.82002,-97.43044,1412878691.64
935,2,5.298,35.89831,-97.26548,1412913199.38
936,1,4.687,35.81815,-97.41767,1412926715.47
937,1,4.993,35.81732,-97.41685,1412927745.61
938,2,7.078,35.82635,-97.33627,1412956130.99
939,1,4.3,35.81447,-97.42141,1413053632.99
940,1,4.519,35.81714,-97.41838,1413102955.72
941,5,5.112,35.77274,-97.48734,1413167137.89
942,3,5.0,35.72079,-97.42426,1413182132.23
943,1,6.281,35.8126,-97.43898,1413191140.76
944,5,5.0,35.7341,-97.52541,1413203094.28
945,5,6.548,35.73767,-97.52531,1413205209.47
946,2,3.455,35.85904,-97.32935,1413207351.19
947,1,5.597,35.8176,-97.42029,1413227414.93
948,1,4.853,35.81947,-97.42027,1413245420.56
949,1,3.158,35.81297,-97.4106,1413263161.32
950,1,5.0,35.81242,-97.41508,1413263248.49
951,1,4.191,35.81124,-97.41506,1413268511.05
952,1,4.143,35.82052,-97.42526,1413326992.45
953,1,5.0,35.81938,-97.42128,1413330565.63
954,3,4.777,35.72504,-97.21413,1413362927.51
955,3,3.689,35.71272,-97.23699,1413408005.44
956,2,3.591,35.8637,-97.33512,1413439371.26
957,1,5.0,35.81847,-97.41498,1413558683.45
958,1,4.914,35.81458,-97.41512,1413558924.74
959,1,4.878,35.81437,-97.4161,1413559186.07
960,3,3.968,35.72716,-97.21596,1413566541.39
961,5,6.877,35.7786,-97.48877,1413772274.55
962,1,4.533,35.81744,-97.41379,1413780658.51
963,4,3.228,35.97431,-97.38979,1413787629.34
964,1,3.863,35.825,-97.43452,1413791833.71
965,1,4.334,35.81943,-97.41281,1413861562.54
966,1,4.115,35.81255,-97.40452,1413901570.58
967,1,4.565,35.82059,-97.44348,1413961317.2
968,4,3.361,35.96737,-97.36955,1413984697.08
969,4,5.686,35.96502,-97.37825,1413986098.66
970,4,3.814,35.96679,-97.36852,1413990215.92
971,1,5.417,35.81815,-97.41926,1413999497.45
972,1,5.419,35.81417,-97.42179,1413999977.59
973,5,7.206,35.7807,-97.48512,1414005139.8
974,3,5.86,35.73626,-97.38598,1414027551.81
975,2,3.153,35.85859,-97.30198,1414056384.49
976,1,3.419,35.81413,-97.4128,1414090309.72
977,2,3.206,35.86242,-97.30503,1414149276.32
978,4,5.0,35.96467,-97.36864,1414191037.27
979,2,5.0,35.85957,-97.30438,1414240575.09
980,4,3.779,35.96727,-97.3707,1414376174.52
981,1,6.311,35.82023,-97.42475,1414442910.58
982,1,5.209,35.82167,-97.43397,1414457220.71
983,4,4.729,35.97066,-97.3054,1414501896.77
984,5,6.136,35.7333,-97.52853,1414599044.76
985,5,6.116,35.73383,-97.52679,1414601611.67
986,1,3.72,35.82441,-97.40688,1414636168.2
987,2,5.333,35.85619,-97.32712,1414650378.31
988,2,3.019,35.86454,-97.32837,1414652688.56
989,2,3.77,35.85797,-97.32641,1414657297.38
990,2,5.0,35.90668,-97.26651,1414703661.77
991,4,4.542,35.96619,-97.37811,1414715968.32
992,4,4.767,35.96583,-97.37031,1414754585.57
993,4,4.814,35.96912,-97.37826,1414771815.05
994,4,5.196,35.97353,-97.3763,1414792540.49
995,4,4.861,35.96916,-97.3774,1414901933.16
996,4,4.601,35.97388,-97.37577,1414924297.33
997,1,4.079,35.82685,-97.40714,1414972298.17
998,1,4.576,35.81807,-97.42876,1414973225.36
999,1,4.675,35.81833,-97.41444,1415032679.04
1000,5,4.906,35.77622,-97.45631,1415053010.91
1001,4,3.509,35.88897,-97.38953,1415131365.66
1002,4,4.587,35.89044,-97.39082,1415131618.88
1003,4,5.0,35.88792,-97.39346,1415137113.62
1004,1,5.0,35.8186,-97.44257,1415138210.48
1005,1,5.303,35.80507,-97.43684,1415220018.1
1006,2,3.257,35.83159,-97.21629,1415253862.01
1007,3,5.0,35.73503,-97.38464,1415282964.8
1008,1,4.579,35.82001,-97.43378,1415285288.89
1009,1,5.45,35.79681,-97.44346,1415386927.83
1010,4,5.773,35.95464,-97.35101,1415412121.26
1011,2,6.01,35.89397,-97.2813,1415422711.34
1012,1,4.758,35.80011,-97.4323,1415593967.54
1013,2,5.423,35.90046,-97.25584,1415698107.67
1014,2,5.0,35.93611,-97.23372,1415734316.37
1015,1,4.417,35.82321,-97.44334,1415815238.68
1016,1,5.177,35.79663,-97.4334,1415833788.23
1017,4,5.646,35.92212,-97.4432,1416349406.65
1018,4,5.586,35.92341,-97.44463,1416357282.4
1019,4,5.895,35.9281,-97.44068,1416368064.76
1020,4,5.312,35.9441,-97.41826,1416393281.84
1021,2,4.019,35.84039,-97.34112,1416487902.2
1022,5,5.27,35.76957,-97.48714,1416497744.66
1023,3,6.305,35.73463,-97.38981,1416507875.44
1024,4,4.501,35.97234,-97.37543,1416597210.66
1025,1,6.169,35.81563,-97.4327,1416817711.04
1026,1,5.0,35.81843,-97.43947,1416866204.66
1027,1,5.0,35.81675,-97.43635,1416874611.7
1028,1,5.0,35.8232,-97.42944,1416923458.77
1029,1,4.818,35.81836,-97.43037,1416953061.84
1030,1,5.609,35.81767,-97.42989,1416956211.53
1031,4,5.0,35.96286,-97.37222,1416966522.8
1032,1,5.453,35.8174,-97.424,1416983514.95
1033,1,5.314,35.81529,-97.41901,1417013800.65
1034,1,5.522,35.81356,-97.41847,1417014177.3
1035,1,5.551,35.81727,-97.43031,1417030159.02
1036,1,5.679,35.82128,-97.41206,1417125646.37
1037,1,0.121,35.8211,-97.4061,1417173987.51
1038,1,5.35,35.82752,-97.41452,1417179001.08
1039,2,6.574,35.87235,-97.31178,1417469289.55
1040,1,5.886,35.80051,-97.3662,1417478977.39
1041,1,5.118,35.81823,-97.4312,1417518005.18
1042,1,5.554,35.80812,-97.43589,1417536145.92
1043,1,5.0,35.81653,-97.43441,1417553829.21
1044,1,5.038,35.81922,-97.4341,1417599539.29
1045,1,5.0,35.81971,-97.43835,1417675183.31
1046,2,4.961,35.89988,-97.25431,1417735798.89
1047,4,3.909,35.958,-97.36578,1417781020.08
1048,4,4.813,35.95616,-97.3705,1417816696.92
1049,1,4.405,35.81728,-97.43694,1417818996.38
1050,3,5.706,35.74542,-97.35139,1417827724.24
1051,3,5.533,35.74673,-97.35214,1417830327.74
1052,1,5.147,35.8197,-97.43941,1417990388.34
1053,5,6.978,35.73847,-97.58538,1418047551.81
1054,1,4.733,35.81411,-97.44029,1418074534.14
1055,1,3.775,35.80762,-97.41216,1418077948.56
1056,4,4.553,35.92758,-97.43263,1418081634.09
1057,1,4.6,35.8213,-97.43985,1418102881.97
1058,1,4.924,35.8021,-97.43629,1418187532.08
1059,1,4.865,35.81757,-97.43288,1418206153.95
1060,1,4.306,35.81776,-97.43039,1418206608.54
1061,5,5.669,35.78308,-97.56159,1418271221.17
1062,1,5.0,35.81007,-97.42892,1418292107.58
1063,4,3.854,35.94853,-97.31769,1418348288.77
1064,1,4.086,35.81532,-97.44612,1418419045.71
1065,1,3.659,35.81806,-97.43295,1418527161.0
1066,3,4.544,35.79943,-97.36051,1418768464.89
1067,1,5.0,35.80794,-97.40898,1418822510.38
1068,4,4.87,35.90671,-97.41496,1418915507.23
1069,1,6.324,35.8038,-97.40479,1418996655.56
1070,1,5.432,35.80669,-97.41586,1419035529.38
1071,3,6.408,35.79851,-97.3629,1419131766.51
1072,2,5.358,35.85573,-97.32894,1419204655.37
1073,2,7.046,35.88221,-97.25572,1419245979.05
1074,5,4.925,35.78671,-97.56219,1419293890.77
1075,5,6.748,35.70971,-97.53841,1419349679.73
1076,1,6.761,35.81104,-97.42767,1419364147.37
1077,1,6.556,35.81248,-97.41815,1419538593.52
1078,1,6.945,35.81248,-97.4155,1419539569.52
1079,1,5.569,35.81619,-97.42835,1419542953.26
1080,1,5.483,35.81041,-97.41599,1419617017.51
1081,1,6.483,35.81029,-97.42041,1419637921.37
1082,1,5.777,35.81531,-97.42247,1419643786.68
1083,1,6.738,35.81425,-97.41774,1419650496.27
1084,1,7.152,35.81302,-97.4212,1419652792.36
1085,2,4.832,35.91068,-97.2513,1419679034.53
1086,1,7.123,35.81472,-97.41811,1419760976.76
1087,1,7.104,35.81382,-97.41871,1419774948.74
1088,1,6.863,35.81503,-97.40912,1419933316.81
1089,1,7.029,35.82159,-97.43583,1419945936.58
1090,1,6.906,35.81515,-97.43546,1419965430.43
1091,1,6.322,35.8117,-97.44492,1420208795.77
1092,1,6.276,35.8101,-97.44164,1420214410.99
1093,1,6.779,35.81128,-97.43809,1420227489.76
1094,1,7.101,35.80831,-97.43081,1420230089.45
1095,5,6.769,35.80162,-97.57048,1420308478.02
1096,1,7.658,35.81288,-97.42457,1420320695.18
1097,1,6.833,35.81844,-97.42806,1420320939.85
1098,1,6.604,35.81913,-97.43638,1420407421.34
1099,2,5.167,35.94181,-97.29185,1420498816.99
1100,2,7.354,35.94334,-97.29346,1420505547.02
1101,1,5.46,35.81176,-97.42239,1420506217.73
1102,2,7.619,35.88887,-97.26774,1420517126.3
1103,1,6.992,35.81581,-97.42667,1420569346.27
1104,3,7.39,35.73704,-97.29646,1420619731.57
1105,1,6.776,35.81395,-97.44419,1420647266.99
1106,1,6.933,35.81728,-97.42906,1420659697.94
1107,1,7.526,35.80706,-97.40981,1420745958.07
1108,1,5.846,35.81184,-97.43449,1420763843.68
1109,1,6.964,35.81436,-97.41796,1420785856.44
1110,1,7.326,35.81089,-97.41064,1420786109.51
1111,1,7.452,35.81625,-97.42199,1420786437.23
1112,1,7.087,35.81339,-97.41624,1420795367.28
1113,1,6.904,35.81485,-97.41309,1420795409.23
1114,1,7.201,35.8109,-97.41376,1420826670.16
1115,1,7.063,35.81406,-97.41668,1420863967.54
1116,1,3.851,35.8191,-97.41567,1420867754.75
1117,1,7.367,35.81528,-97.41914,1420883237.93
1118,1,7.116,35.8141,-97.41534,1420902288.85
1119,1,4.844,35.81097,-97.4445,1420940965.44
1120,1,5.266,35.8037,-97.40725,1420958877.22
1121,1,7.353,35.80523,-97.40742,1420959215.54
1122,1,6.797,35.80514,-97.4083,1420964066.77
1123,1,6.686,35.80525,-97.40681,1420972101.97
1124,1,6.96,35.81562,-97.44776,1420984677.75
1125,1,5.813,35.81319,-97.44096,1420998043.87
1126,1,6.636,35.81466,-97.43939,1421091169.67
1127,1,7.662,35.80719,-97.42065,1421099522.45
1128,2,6.577,35.87581,-97.24033,1421115025.25
1129,3,5.433,35.73901,-97.3875,1421168825.05
1130,1,6.448,35.80734,-97.41386,1421180317.51
1131,1,6.712,35.80848,-97.4146,1421194002.44
1132,2,5.296,35.8759,-97.24413,1421259791.77
1133,1,6.793,35.81684,-97.42476,1421301463.72
1134,1,6.985,35.81496,-97.4241,1421305693.28
1135,1,5.687,35.8124,-97.44672,1421306630.55
1136,1,6.977,35.81421,-97.44796,1421316355.8
1137,1,6.709,35.81604,-97.4511,1421345215.34
1138,1,4.735,35.81604,-97.43899,1421360961.8
1139,1,6.0,35.81552,-97.43993,1421380699.45
1140,1,5.183,35.81872,-97.43313,1421394026.84
1141,1,5.382,35.83881,-97.37426,1421489125.07
1142,2,6.898,35.89359,-97.26646,1421534533.29
1143,5,6.162,35.73791,-97.57867,1421566032.01
1144,1,5.326,35.8199,-97.42838,1421627354.49
1145,1,5.411,35.81856,-97.43928,1421638742.61
1146,1,4.799,35.82058,-97.44102,1421639349.73
1147,1,5.529,35.82035,-97.44846,1421663249.61
1148,1,5.581,35.80837,-97.41695,1421671415.66
1149,5,6.528,35.73063,-97.54939,1421674130.89
1150,1,5.312,35.82041,-97.43893,1421692244.83
1151,2,5.395,35.89314,-97.28572,1421847627.93
1152,5,6.157,35.75734,-97.55708,1421947087.14
1153,1,4.833,35.81828,-97.44352,1421959235.96
1154,3,5.688,35.79001,-97.37095,1422038050.2
1155,3,5.493,35.7557,-97.36594,1422075413.46
1156,1,5.0,35.80748,-97.4086,1422247549.46
1157,1,5.0,35.80666,-97.41085,1422252060.04
1158,1,6.334,35.8149,-97.42625,1422258003.99
1159,1,6.034,35.80814,-97.41904,1422308713.89
1160,1,6.663,35.81203,-97.42778,1422316435.55
1161,1,5.563,35.81013,-97.41666,1422318006.95
1162,1,5.702,35.81937,-97.42764,1422325323.66
1163,1,6.622,35.81578,-97.42976,1422331333.79
1164,4,5.522,35.93222,-97.32367,1422335396.61
1165,1,5.983,35.81097,-97.41918,1422348197.1
1166,1,4.484,35.81746,-97.44131,1422364460.02
1167,1,6.492,35.81424,-97.43055,1422473415.85
1168,5,6.71,35.76669,-97.46949,1422477505.32
1169,1,5.464,35.81652,-97.45072,1422563629.29
1170,2,3.888,35.87496,-97.2708,1422594028.91
1171,5,5.0,35.79133,-97.57942,1422604223.85
1172,4,5.076,35.9372,-97.31422,1422607508.53
1173,1,6.367,35.81593,-97.45202,1422634646.8
1174,2,5.047,35.87679,-97.26772,1422636070.76
1175,1,5.636,35.83873,-97.37698,1422650126.64
1176,1,3.825,35.81675,-97.44351,1422808290.69
1177,1,6.298,35.81246,-97.43144,1422858521.05
1178,2,5.074,35.8938,-97.26806,1423032068.76
1179,2,5.34,35.79285,-97.30042,1423034691.61
1180,2,5.26,35.79602,-97.30347,1423040178.07
1181,3,5.469,35.7492,-97.34798,1423076589.35
1182,3,4.979,35.74975,-97.34595,1423100397.59
1183,1,4.629,35.81826,-97.44385,1423100498.3
1184,3,6.334,35.74509,-97.34147,1423105490.84
1185,5,5.895,35.76805,-97.5882,1423269251.03
1186,2,4.215,35.80252,-97.23245,1423279246.56
1187,2,6.041,35.8582,-97.34546,1423390513.47
1188,2,4.871,35.85816,-97.34311,1423397820.62
1189,1,5.201,35.81564,-97.4472,1423400030.68
1190,1,6.545,35.81361,-97.43155,1423421668.99
1191,1,5.28,35.81244,-97.44836,1423465543.35
1192,1,5.187,35.81374,-97.44712,1423465903.41
1193,5,5.977,35.74012,-97.58144,1423508505.42
1194,2,5.0,35.99389,-97.22733,1423530625.62
1195,1,5.509,35.81221,-97.42983,1423558645.52
1196,1,5.674,35.80986,-97.42811,1423563760.84
1197,1,5.227,35.81295,-97.42387,1423569457.92
1198,1,5.0,35.8143,-97.43022,1423587382.72
1199,1,4.875,35.81498,-97.44362,1423615863.41
1200,2,5.0,35.8966,-97.26902,1423764184.36
1201,2,5.42,35.87055,-97.31208,1423798562.22
1202,2,5.373,35.86817,-97.31413,1423822296.59
1203,1,6.262,35.81262,-97.42705,1423865080.16
1204,1,4.166,35.82214,-97.43459,1423950797.43
1205,1,4.692,35.81771,-97.44397,1423993766.27
1206,1,5.274,35.81732,-97.44899,1424080226.27
1207,1,4.474,35.81627,-97.44816,1424099537.9
1208,1,5.359,35.81219,-97.44814,1424124613.3
1209,1,5.43,35.8173,-97.41299,1424130537.14
1210,2,4.969,35.79543,-97.30444,1424180712.18
1211,1,5.224,35.8168,-97.44432,1424237890.66
1212,1,5.112,35.81501,-97.45119,1424239525.21
1213,1,4.441,35.84006,-97.37441,1424244366.53
1214,2,2.226,35.89029,-97.2709,1424318775.09
1215,2,4.876,35.89981,-97.2725,1424319305.53
1216,1,6.23,35.81752,-97.42077,1424402653.61
1217,1,4.946,35.8185,-97.41808,1424734660.14
1218,1,5.197,35.8147,-97.44653,1424869673.07
1219,1,4.871,35.82097,-97.44884,1424998555.86
1220,1,5.0,35.81285,-97.44854,1425077337.01
1221,1,4.693,35.81507,-97.44493,1425101287.59
1222,3,6.08,35.79187,-97.3049,1425146318.36
1223,2,5.464,35.85145,-97.24552,1425263377.84
1224,4,4.979,35.9621,-97.40259,1425344803.43
1225,4,5.0,35.96312,-97.40232,1425358942.46
1226,1,5.0,35.81397,-97.41086,1425382523.19
1227,4,5.565,35.96364,-97.40201,1425438487.51
1228,1,4.674,35.82232,-97.45467,1425472396.56
1229,1,6.306,35.81861,-97.42304,1425483951.04
1230,1,6.374,35.81853,-97.42538,1425702067.95
1231,5,7.409,35.7606,-97.46846,1425710374.85
1232,4,4.487,35.94628,-97.31516,1425719815.96
1233,5,8.844,35.76273,-97.4682,1425722720.84
1234,5,5.307,35.74293,-97.57148,1425744849.38
1235,5,6.45,35.73999,-97.56986,1425744849.43
1236,3,5.923,35.74127,-97.3792,1425760678.9
1237,4,6.48,35.95416,-97.40898,1425825594.69
1238,1,1.113,35.82497,-97.43254,1425847068.73
1239,1,4.525,35.81496,-97.44788,1425871480.5
1240,1,5.0,35.814,-97.45018,1425873683.04
1241,1,4.897,35.8211,-97.43899,1425898136.95
1242,1,4.975,35.81983,-97.43536,1425903914.95
1243,1,3.456,35.81891,-97.44836,1425916266.41
1244,1,4.828,35.81987,-97.43895,1425917906.39
1245,1,5.0,35.81418,-97.44816,1425950064.75
1246,1,4.686,35.81313,-97.41818,1425986462.48
1247,2,3.941,35.98604,-97.20914,1426037189.84
1248,1,2.713,35.82216,-97.43607,1426048720.78
1249,3,5.437,35.74238,-97.38818,1426112353.6
1250,3,4.876,35.74314,-97.38462,1426115686.13
1251,3,3.979,35.74264,-97.3777,1426126231.12
1252,3,5.0,35.74356,-97.38158,1426126382.44
1253,3,4.728,35.74417,-97.39222,1426163891.67
1254,3,4.163,35.74282,-97.38236,1426190655.49
1255,3,4.225,35.74422,-97.38549,1426190679.5
1256,3,5.0,35.74292,-97.38008,1426229344.2
1257,3,5.803,35.74587,-97.38171,1426230891.84
1258,3,6.194,35.74553,-97.38189,1426232333.73
1259,3,5.0,35.74391,-97.37364,1426235335.58
1260,3,5.594,35.74508,-97.37905,1426237370.44
1261,1,4.567,35.8021,-97.36652,1426255811.7
1262,2,6.906,35.80608,-97.24181,1426271722.57
1263,3,4.458,35.74068,-97.36214,1426423813.96
1264,1,4.671,35.82235,-97.44386,1426440291.28
1265,2,5.702,35.8085,-97.23785,1426492034.96
1266,2,6.955,35.80796,-97.24039,1426511940.77
1267,2,4.3,35.81188,-97.2397,1426515351.55
1268,0,5.19,35.97615,-97.54713,1426519700.0
1269,2,5.73,35.81183,-97.23682,1426519726.95
1270,1,5.0,35.81924,-97.44713,1426523506.07
1271,1,5.268,35.81407,-97.44998,1426537813.82
1272,2,7.112,35.80916,-97.23423,1426545969.34
1273,2,5.827,35.81102,-97.23574,1426671625.48
1274,1,5.652,35.8164,-97.41791,1426736165.68
1275,3,4.952,35.74262,-97.38188,1426782948.56
1276,1,4.329,35.81857,-97.43929,1426788390.28
1277,3,3.768,35.74299,-97.37893,1426801342.39
1278,3,4.621,35.74116,-97.37938,1426804244.12
1279,3,5.0,35.741,-97.38054,1426805348.89
1280,3,4.29,35.74561,-97.39052,1426903828.34
1281,3,5.108,35.74391,-97.38998,1426923930.89
1282,4,5.293,35.92601,-97.39751,1426955019.1
1283,3,5.912,35.74649,-97.38095,1426970214.09
1284,2,5.105,35.80892,-97.23478,1427072159.93
1285,1,5.585,35.81765,-97.42252,1427104079.7
1286,1,2.806,35.81867,-97.4453,1427112146.11
1287,2,5.053,35.89489,-97.27213,1427238594.76
1288,1,5.338,35.80663,-97.43733,1427283008.82
1289,1,5.789,35.80313,-97.44119,1427283128.5
1290,4,5.16,35.91225,-97.40871,1427400033.02
1291,4,3.866,35.91419,-97.41116,1427432724.92
1292,1,5.484,35.81314,-97.4532,1427461005.64
1293,1,5.495,35.81543,-97.41759,1427486213.89
1294,1,5.103,35.81492,-97.41604,1427490296.91
1295,1,6.712,35.81408,-97.45172,1427605561.07
1296,2,3.826,35.873,-97.30634,1427607859.07
1297,4,5.57,35.9616,-97.39801,1427656749.34
1298,4,4.794,35.93391,-97.39268,1427657045.08
1299,4,5.861,35.96173,-97.39783,1427663685.41
1300,1,5.0,35.81177,-97.4463,1427680545.29
1301,4,5.0,35.99612,-97.30973,1427769076.4
1302,4,5.23,35.96334,-97.36147,1427866862.43
1303,2,6.478,35.81565,-97.23637,1427874829.64
1304,2,5.525,35.8138,-97.23849,1427891643.0
1305,1,5.969,35.81312,-97.45397,1427896760.8
1306,2,5.802,35.81446,-97.24023,1427924842.41
1307,4,5.326,35.96181,-97.39838,1427928137.06
1308,1,5.453,35.81058,-97.45086,1427931985.98
1309,1,5.441,35.81873,-97.42014,1428182198.41
1310,4,6.34,35.96156,-97.40554,1428361282.73
1311,4,5.808,35.91203,-97.4116,1428373992.17
1312,4,5.29,35.96264,-97.39685,1428390229.13
1313,1,5.0,35.81905,-97.43555,1428435074.79
1314,1,5.0,35.82122,-97.4378,1428437478.16
1315,1,4.727,35.82085,-97.41399,1428501678.46
1316,1,5.105,35.81841,-97.42204,1428509659.27
1317,1,4.722,35.82196,-97.42454,1428526055.12
1318,1,4.274,35.82495,-97.42693,1428526144.1
1319,1,2.487,35.81785,-97.4195,1428526320.51
1320,1,2.819,35.82068,-97.43049,1428526754.76
1321,1,4.376,35.82088,-97.42065,1428527797.68
1322,1,5.0,35.8185,-97.45284,1428528285.58
1323,1,2.853,35.81615,-97.41366,1428540077.26
1324,1,5.0,35.81156,-97.41489,1428574927.5
1325,1,2.907,35.81425,-97.41186,1428582693.64
1326,2,6.188,35.81119,-97.2347,1428629228.29
1327,2,4.866,35.814,-97.23705,1428631918.45
1328,1,4.312,35.81482,-97.41764,1428650354.72
1329,2,4.189,35.81358,-97.23579,1428654377.86
1330,2,5.752,35.81137,-97.23425,1428660452.56
1331,2,5.795,35.81038,-97.23455,1428660964.09
1332,1,4.874,35.81847,-97.44972,1428728898.69
1333,1,6.079,35.809,-97.41366,1428747985.49
1334,4,5.608,35.93259,-97.39347,1428755613.01
1335,2,5.0,35.83472,-97.21706,1428756291.68
1336,2,3.853,35.85923,-97.32377,1428822262.21
1337,2,6.692,35.80907,-97.2349,1428822663.67
1338,1,5.262,35.80831,-97.41666,1428826716.38
1339,2,6.051,35.99245,-97.22153,1428856754.38
1340,2,5.927,35.99199,-97.22523,1428856868.07
1341,1,4.833,35.81009,-97.44818,1428929798.71
1342,1,5.243,35.81104,-97.4519,1428930831.88
1343,1,5.116,35.81671,-97.44579,1428988543.32
1344,2,5.0,35.97636,-97.25417,1429031124.32
1345,0,4.837,35.97636,-97.54678,1429031220.49
1346,0,4.614,35.97569,-97.54586,1429031324.42
1347,4,4.97,35.98345,-97.33591,1429092898.44
1348,4,4.369,35.96588,-97.31094,1429100913.22
1349,4,3.325,35.93168,-97.39209,1429111043.03
1350,4,5.517,35.93014,-97.39326,1429123253.13
1351,1,3.596,35.7907,-97.39908,1429158105.07
1352,4,5.445,35.91424,-97.4075,1429184292.02
1353,4,4.359,35.9205,-97.33101,1429259831.23
1354,4,3.143,35.91976,-97.32684,1429260097.18
1355,4,3.089,35.92226,-97.3308,1429261685.86
1356,4,5.134,35.91902,-97.32581,1429263422.68
1357,4,4.889,35.91945,-97.33261,1429266363.79
1358,4,5.977,35.91476,-97.40958,1429267344.06
1359,4,5.658,35.91736,-97.32687,1429273131.73
1360,4,5.392,35.91687,-97.31992,1429273239.54
1361,1,5.314,35.81124,-97.42348,1429274304.43
1362,4,5.552,35.92073,-97.32964,1429278639.01
1363,4,5.0,35.92016,-97.33543,1429282947.23
1364,5,7.416,35.73227,-97.5559,1429285611.14
1365,4,5.433,35.91963,-97.32675,1429289296.36
1366,1,4.275,35.80901,-97.41367,1429297310.7
1367,4,5.529,35.91727,-97.3213,1429303360.65
1368,4,3.232,35.91885,-97.3261,1429316138.6
1369,4,4.367,35.92079,-97.32488,1429321298.48
1370,4,4.401,35.92251,-97.33023,1429336747.58
1371,4,4.69,35.92042,-97.32525,1429340919.97
1372,4,5.0,35.96773,-97.38214,1429353623.05
1373,5,5.012,35.73684,-97.54984,1429370593.37
1374,4,4.738,35.92153,-97.32819,1429421235.16
1375,4,5.744,35.92226,-97.33683,1429421559.16
1376,2,3.727,35.91928,-97.31409,1429422764.06
1377,4,5.631,35.9184,-97.32411,1429424894.48
1378,2,5.036,35.91441,-97.31332,1429433567.51
1379,2,4.459,35.91698,-97.31801,1429442659.65
1380,4,4.22,35.92003,-97.33846,1429468904.61
1381,4,3.655,35.92403,-97.33684,1429503242.42
1382,1,5.0,35.82587,-97.40882,1429540710.66
1383,4,5.0,35.92344,-97.33788,1429586740.43
1384,2,22.275,35.86669,-97.30541,1429656583.8
1385,1,5.0,35.82887,-97.41155,1429732395.41
1386,4,6.248,35.9182,-97.32234,1429900711.2
1387,3,5.461,35.74744,-97.38008,1429914222.73
1388,1,4.524,35.81838,-97.44215,1429925115.92
1389,3,6.169,35.74112,-97.37968,1429931864.73
1390,4,5.0,35.95957,-97.39748,1430002450.19
1391,4,4.743,35.97097,-97.38145,1430015361.58
1392,4,6.079,35.96658,-97.38023,1430056419.21
1393,4,5.587,35.93202,-97.395,1430094186.37
1394,4,5.377,35.92824,-97.38415,1430095664.58
1395,4,4.991,35.92107,-97.33397,1430102424.48
1396,4,5.831,35.96407,-97.38117,1430141930.37
1397,4,5.279,35.91966,-97.32745,1430173337.93
1398,4,5.247,35.9211,-97.33975,1430174007.48
1399,4,5.0,35.92194,-97.3384,1430182695.83
1400,4,5.378,35.91768,-97.33302,1430186529.86
1401,3,5.696,35.74411,-97.38321,1430285153.2
1402,3,5.0,35.74612,-97.38106,1430364204.68
1403,1,4.512,35.81861,-97.44971,1430417083.0
1404,2,4.186,35.81257,-97.24173,1430465189.41
1405,1,5.568,35.82393,-97.44302,1430495836.48
1406,3,0.967,35.74925,-97.38113,1430504092.17
1407,4,3.876,35.94605,-97.30293,1430508393.02
1408,4,4.287,35.94286,-97.30637,1430617605.82
1409,0,5.787,35.98726,-97.52218,1430658309.85
1410,0,7.69,35.98244,-97.52129,1430671222.39
1411,0,6.119,35.98508,-97.52164,1430674305.79
1412,0,4.415,35.98728,-97.51531,1430691510.74
1413,0,5.845,35.98725,-97.52424,1430693544.76
1414,3,3.534,35.74711,-97.38475,1430698109.68
1415,3,4.655,35.79528,-97.36211,1430725058.95
1416,0,4.326,35.98838,-97.51324,1430730095.12
1417,3,5.0,35.74668,-97.38719,1430731932.54
1418,4,6.611,35.92016,-97.34095,1430741836.8
1419,2,5.662,35.81328,-97.23826,1430761894.69
1420,4,6.666,35.96212,-97.40633,1430767017.43
1421,0,4.923,35.98234,-97.51394,1430776414.59
1422,4,5.104,35.93308,-97.39412,1430837959.01
1423,1,4.438,35.81755,-97.46871,1430879103.76
1424,3,4.193,35.74512,-97.38442,1430890272.94
1425,4,3.747,35.92236,-97.34379,1430910368.34
1426,4,4.885,35.9258,-97.34451,1430912001.33
1427,0,6.59,35.98355,-97.52168,1431024465.98
1428,2,2.432,35.81513,-97.24016,1431103433.35
1429,4,4.072,35.92419,-97.34259,1431125116.83
1430,3,4.1,35.74965,-97.35387,1431131487.47
1431,2,5.0,35.81631,-97.2443,1431346040.7
1432,4,5.0,35.92021,-97.34187,1431365319.76
1433,4,5.479,35.9118,-97.41363,1431424537.3
1434,2,7.077,35.81186,-97.22737,1431501357.86
1435,4,3.356,35.88885,-97.39268,1431549514.5
1436,1,5.193,35.81908,-97.43263,1431607552.57
1437,4,3.606,35.91936,-97.336,1431697524.66
1438,4,5.132,35.92193,-97.33549,1431778908.75
1439,2,6.555,35.8264,-97.22556,1431885610.45
1440,2,6.466,35.82603,-97.22491,1431887782.27
1441,2,5.983,35.82583,-97.22665,1431901258.91
1442,1,5.227,35.81423,-97.45172,1431914489.56
1443,1,6.202,35.81049,-97.45118,1431914762.38
1444,1,4.582,35.81345,-97.4472,1431915973.44
1445,1,5.398,35.81141,-97.45272,1431917570.15
1446,1,4.754,35.80969,-97.44975,1431918573.88
1447,2,6.015,35.80938,-97.23895,1431920566.92
1448,1,4.84,35.8114,-97.45094,1431934913.54
1449,2,6.318,35.82647,-97.22385,1431967610.04
1450,0,5.916,35.98772,-97.51633,1432019107.65
1451,1,6.355,35.83361,-97.40088,1432063231.16
1452,2,6.396,35.87543,-97.31475,1432130634.19
1453,2,4.498,35.99364,-97.22634,1432206195.74
1454,2,5.0,35.91831,-97.31599,1432305197.82
1455,2,5.129,35.87127,-97.3095,1432310105.77
1456,1,5.216,35.81036,-97.44769,1432446130.08
1457,1,4.7,35.81316,-97.42452,1432600006.05
1458,3,2.317,35.74709,-97.3789,1432634715.05
1459,4,4.214,35.92318,-97.33916,1432682983.63
1460,4,5.752,35.92473,-97.34465,1432683039.12
1461,1,6.168,35.8109,-97.42184,1432770233.36
1462,3,5.537,35.74257,-97.38475,1432772657.04
1463,3,5.949,35.74362,-97.38784,1432773389.57
1464,3,5.778,35.7458,-97.38876,1432773501.18
1465,2,3.957,35.78449,-97.28949,1432800802.79
1466,2,6.967,35.94401,-97.28583,1432812254.3
1467,2,5.488,35.98709,-97.22337,1432813227.77
1468,1,6.55,35.81023,-97.42216,1432841761.19
1469,4,5.0,35.92868,-97.35526,1432883851.36
1470,3,5.653,35.74405,-97.35348,1432907604.79
1471,3,5.098,35.74436,-97.35235,1432957993.67
1472,3,6.103,35.74511,-97.35992,1432961442.52
1473,1,0.993,35.83028,-97.40609,1432992910.24
1474,2,5.112,35.91353,-97.30856,1433031219.06
1475,3,5.0,35.74548,-97.35822,1433107587.47
1476,2,5.08,35.91461,-97.30943,1433123041.34
1477,4,5.973,35.92265,-97.33667,1433171996.18
1478,4,6.127,35.92431,-97.31797,1433197681.01
1479,2,4.702,35.98755,-97.2085,1433223984.96
1480,4,5.546,35.9175,-97.32361,1433293888.59
1481,1,6.486,35.82672,-97.41714,1433349750.27
1482,1,6.357,35.80485,-97.43941,1433398818.39
1483,5,5.0,35.77652,-97.48356,1433450736.57
1484,5,5.0,35.72623,-97.55515,1433452403.0
1485,5,7.208,35.73967,-97.55389,1433535980.65
1486,5,7.376,35.73542,-97.55502,1433547926.78
1487,1,5.187,35.79625,-97.44037,1433624451.71
1488,1,6.301,35.817,-97.44776,1433689643.54
1489,4,5.778,35.9102,-97.41851,1433731032.55
1490,5,16.276,35.73906,-97.5062,1433775809.47
1491,5,4.498,35.74474,-97.50954,1433779197.27
1492,5,4.216,35.75269,-97.56103,1433869800.64
1493,1,5.098,35.79678,-97.44682,1433879070.82
1494,4,6.274,35.96032,-97.40201,1434057145.79
1495,5,4.722,35.74457,-97.50817,1434071817.28
1496,5,5.286,35.73999,-97.51218,1434075254.25
1497,4,5.122,35.92496,-97.31538,1434097180.42
1498,4,5.0,35.92528,-97.31632,1434098007.73
1499,5,6.798,35.73689,-97.57549,1434141872.39
1500,4,6.462,35.92066,-97.33607,1434291736.08
1501,4,5.006,35.96286,-97.37835,1434327314.32
1502,2,5.0,35.91406,-97.3098,1434616969.77
1503,2,5.319,35.91497,-97.31818,1434630606.99
1504,5,6.016,35.76944,-97.48294,1434663652.75
1505,5,7.019,35.77185,-97.48216,1434668578.23
1506,5,6.87,35.77352,-97.48431,1434669017.04
1507,5,6.411,35.77352,-97.48649,1434669181.36
1508,2,5.0,35.90261,-97.26099,1434772195.74
1509,3,5.0,35.74655,-97.39086,1434772520.9
1510,3,5.649,35.74474,-97.39194,1434774543.69
1511,3,5.667,35.74462,-97.39238,1434774965.65
1512,3,5.981,35.74365,-97.39142,1434775591.73
1513,3,6.071,35.74219,-97.3945,1434775906.96
1514,3,6.159,35.74179,-97.3893,1434776754.15
1515,3,5.0,35.742,-97.39078,1434776935.72
1516,3,3.0,35.73917,-97.3865,1434777054.9
1517,3,6.32,35.74609,-97.39374,1434777446.06
1518,3,5.291,35.74558,-97.38937,1434777604.42
1519,3,5.376,35.74603,-97.39893,1434777781.51
1520,3,6.17,35.74129,-97.38678,1434778228.39
1521,3,5.0,35.74399,-97.39963,1434779096.64
1522,3,5.576,35.75002,-97.39481,1434780398.85
1523,3,6.086,35.74004,-97.38618,1434780603.02
1524,2,4.929,35.90216,-97.26083,1434781561.21
1525,3,6.05,35.74256,-97.38642,1434782461.5
1526,3,5.0,35.74172,-97.38659,1434782765.67
1527,1,7.428,35.80553,-97.4307,1434783187.65
1528,3,5.589,35.74693,-97.39983,1434797763.21
1529,3,5.35,35.73899,-97.38386,1434799276.06
1530,3,5.372,35.74651,-97.39497,1434800005.18
1531,2,5.16,35.90134,-97.26257,1434802967.22
1532,3,5.342,35.73877,-97.37919,1434803760.77
1533,3,5.539,35.74216,-97.38039,1434820410.42
1534,3,5.0,35.73996,-97.38165,1434828220.69
1535,3,6.149,35.74277,-97.3843,1434834422.46
1536,3,6.001,35.74201,-97.38249,1434835353.8
1537,3,5.918,35.74096,-97.3815,1434837656.65
1538,3,5.0,35.74583,-97.38652,1434839658.1
1539,3,5.882,35.74749,-97.40055,1434848336.09
1540,3,5.946,35.74391,-97.38895,1434857169.61
1541,3,5.425,35.74107,-97.38709,1434883446.72
1542,2,4.954,35.91552,-97.31468,1434890580.13
1543,3,5.0,35.74784,-97.39893,1434933878.25
1544,3,6.056,35.74233,-97.38322,1434939815.09
1545,3,6.181,35.74372,-97.38357,1434945634.62
1546,3,5.278,35.74289,-97.394,1434945943.1
1547,3,6.208,35.74385,-97.38432,1434955415.01
1548,1,5.014,35.81388,-97.45892,1434994242.96
1549,1,4.854,35.8165,-97.44567,1435002446.95
1550,3,5.854,35.74769,-97.39889,1435007190.08
1551,3,5.0,35.74994,-97.40048,1435007367.88
1552,3,5.534,35.74298,-97.38764,1435011380.85
1553,3,5.686,35.74264,-97.39044,1435036410.99
1554,3,5.0,35.74352,-97.37925,1435091876.14
1555,3,3.505,35.79614,-97.3666,1435127112.4
1556,1,5.0,35.81701,-97.44196,1435129300.62
1557,2,5.0,35.89994,-97.25745,1435141464.46
1558,2,5.0,35.91484,-97.31316,1435160919.82
1559,2,6.073,35.9168,-97.31626,1435173944.94
1560,3,5.0,35.73796,-97.37969,1435234571.19
1561,1,4.04,35.81852,-97.43883,1435236864.7
1562,3,5.743,35.73801,-97.38458,1435290959.52
1563,3,5.0,35.73579,-97.38229,1435291225.46
1564,3,5.788,35.74014,-97.38135,1435291973.17
1565,3,5.867,35.73817,-97.38334,1435292024.67
1566,3,5.346,35.73752,-97.38188,1435292273.95
1567,3,4.856,35.73866,-97.38824,1435293356.26
1568,3,5.0,35.74742,-97.39526,1435293850.52
1569,3,5.888,35.74399,-97.37617,1435293936.98
1570,3,5.865,35.73697,-97.38371,1435294332.0
1571,3,6.088,35.74475,-97.37609,1435295901.19
1572,3,5.341,35.73921,-97.38306,1435296071.93
1573,3,5.455,35.73876,-97.38279,1435296222.98
1574,3,5.393,35.73837,-97.3811,1435297914.03
1575,3,5.0,35.74171,-97.37965,1435298043.82
1576,3,5.752,35.74365,-97.37711,1435299563.16
1577,3,5.829,35.74218,-97.37796,1435299739.33
1578,3,5.0,35.7434,-97.36893,1435300441.0
1579,3,5.384,35.74355,-97.37177,1435301176.39
1580,3,5.34,35.7467,-97.36803,1435301348.19
1581,3,5.248,35.74364,-97.37621,1435304893.17
1582,3,5.531,35.73798,-97.38001,1435309062.8
1583,3,5.45,35.74339,-97.37521,1435309635.09
1584,3,5.589,35.73523,-97.38083,1435309830.88
1585,3,5.328,35.74421,-97.39485,1435311774.54
1586,3,5.831,35.74306,-97.37305,1435311890.52
1587,3,5.535,35.74095,-97.37743,1435312190.15
1588,3,5.466,35.74111,-97.37666,1435313024.36
1589,1,5.17,35.81798,-97.43393,1435314196.97
1590,3,6.258,35.73787,-97.37642,1435314706.35
1591,3,4.8,35.73997,-97.37891,1435315798.84
1592,3,7.262,35.73114,-97.37786,1435324910.91
1593,3,6.797,35.7326,-97.38131,1435329733.91
1594,3,0.838,35.73779,-97.38229,1435333629.68
1595,1,4.798,35.81287,-97.45149,1435336969.91
1596,3,5.591,35.74747,-97.36672,1435353428.6
1597,3,5.359,35.74897,-97.36411,1435353584.36
1598,3,5.0,35.75207,-97.36063,1435367225.22
1599,3,4.88,35.74999,-97.35873,1435368281.35
1600,3,5.847,35.74932,-97.36481,1435370828.0
1601,3,5.5,35.75112,-97.36131,1435371160.66
1602,3,5.67,35.75019,-97.3586,1435391455.3
1603,3,5.442,35.74989,-97.3616,1435395077.4
1604,3,5.0,35.75014,-97.36269,1435398252.3
1605,3,5.966,35.74566,-97.36821,1435399708.07
1606,3,5.432,35.75171,-97.35863,1435400984.17
1607,3,6.126,35.75161,-97.35496,1435406526.21
1608,3,5.502,35.75448,-97.35851,1435406852.2
1609,1,3.346,35.81852,-97.43752,1435418271.95
1610,3,6.191,35.75406,-97.35987,1435450680.08
1611,3,5.511,35.74694,-97.37187,1435461890.71
1612,3,5.869,35.74418,-97.37611,1435563749.64
1613,2,5.516,35.91657,-97.31637,1435580826.91
1614,2,5.547,35.91505,-97.31584,1435595703.38
1615,2,5.817,35.82416,-97.22543,1435598269.02
1616,3,5.973,35.74574,-97.37057,1435615537.62
1617,3,5.63,35.74354,-97.3745,1435640054.68
1618,3,5.0,35.74429,-97.37761,1435651343.49
1619,1,4.842,35.81878,-97.44138,1435672010.82
1620,2,5.079,35.91592,-97.31325,1435700520.26
1621,2,4.936,35.91529,-97.31048,1435701474.36
1622,2,5.0,35.91491,-97.31016,1435708115.73
1623,3,5.506,35.7444,-97.37851,1435729981.86
1624,4,6.54,35.91761,-97.32973,1435785558.93
1625,4,5.287,35.91735,-97.40303,1435840429.33
1626,3,5.136,35.74234,-97.37421,1435842041.57
1627,1,5.0,35.81917,-97.44485,1435959608.56
1628,3,6.527,35.74487,-97.39107,1435975868.83
1629,3,5.733,35.7454,-97.38936,1435986075.09
1630,4,5.638,35.91653,-97.32037,1436125183.66
1631,3,5.581,35.74458,-97.37616,1436163639.77
1632,3,5.0,35.70952,-97.23398,1436227692.58
1633,3,5.0,35.74434,-97.37467,1436266392.33
1634,3,5.732,35.74424,-97.37667,1436266881.56
1635,3,5.524,35.74414,-97.37718,1436268273.12
1636,3,5.937,35.74676,-97.37447,1436273667.04
1637,3,5.795,35.74525,-97.37587,1436288992.57
1638,3,5.957,35.74616,-97.37637,1436289904.41
1639,5,6.288,35.73378,-97.58239,1436304723.59
1640,3,5.254,35.74007,-97.37952,1436364021.93
1641,3,6.21,35.74125,-97.38348,1436373208.74
1642,4,4.037,35.91947,-97.33359,1436439186.47
1643,2,5.392,35.9168,-97.31641,1436442409.78
1644,1,4.51,35.81981,-97.44609,1436478215.52
1645,1,3.643,35.8145,-97.44035,1436480396.99
1646,2,5.309,35.99075,-97.22401,1436531733.02
1647,3,3.061,35.74714,-97.3825,1436596842.88
1648,2,5.63,35.94081,-97.28043,1436598459.92
1649,1,5.111,35.81768,-97.43978,1436728535.2
1650,2,6.313,35.98913,-97.21227,1436744235.69
1651,3,8.148,35.74236,-97.3851,1436767403.82
1652,0,4.231,35.96854,-97.58868,1436806396.71
1653,2,5.345,35.85678,-97.34605,1436810345.89
1654,3,4.419,35.73709,-97.37694,1436822171.14
1655,1,0.089,35.81577,-97.42631,1436827510.63
1656,5,6.169,35.74186,-97.57635,1436837638.74
1657,1,4.783,35.81737,-97.44611,1436871531.98
1658,1,4.552,35.81826,-97.44287,1436901383.22
1659,0,4.136,35.98745,-97.56516,1436950635.93
1660,0,5.176,35.98744,-97.55963,1436951167.23
1661,0,5.0,35.96997,-97.53642,1436953224.89
1662,0,5.2,35.98687,-97.55246,1436953593.35
1663,2,6.727,35.89091,-97.32794,1436955814.14
1664,3,6.172,35.74302,-97.38316,1436999167.95
1665,2,6.186,35.91445,-97.30088,1437091878.7
1666,1,4.317,35.83369,-97.39514,1437123251.88
1667,3,1.105,35.75102,-97.35519,1437214031.12
1668,1,7.51,35.81548,-97.45616,1437222269.23
1669,3,5.744,35.74323,-97.37736,1437243549.83
1670,3,1.806,35.74264,-97.37803,1437249835.06
1671,3,5.652,35.741,-97.35366,1437386122.23
1672,3,4.425,35.75043,-97.37217,1437477064.34
1673,3,23.704,35.74454,-97.35476,1437522227.57
1674,3,0.118,35.74044,-97.37817,1437548376.42
1675,3,5.758,35.73279,-97.36124,1437647405.82
1676,3,4.84,35.73143,-97.35811,1437691542.26
1677,3,5.0,35.79266,-97.30743,1437715304.11
1678,0,4.269,35.98902,-97.56629,1437822884.18
1679,3,5.534,35.74579,-97.37364,1437825776.72
1680,0,5.444,35.98696,-97.55785,1437829837.76
1681,0,5.155,35.98759,-97.56725,1437859793.32
1682,5,6.85,35.73928,-97.57917,1437863796.16
1683,0,4.095,35.98963,-97.55871,1437876119.54
1684,0,5.789,35.98761,-97.56082,1437885829.25
1685,0,5.727,35.98966,-97.5712,1437886725.24
1686,0,5.964,35.98769,-97.5661,1437893984.67
1687,0,5.468,35.98898,-97.5694,1437904473.62
1688,0,5.0,35.9889,-97.57114,1437904882.08
1689,0,5.017,35.98674,-97.55795,1437916982.68
1690,0,5.396,35.98582,-97.55731,1437917045.64
1691,0,5.635,35.98885,-97.56526,1437917210.91
1692,1,4.109,35.82318,-97.455,1437973941.06
1693,0,5.299,35.98826,-97.55822,1437994534.18
1694,0,5.68,35.98863,-97.56025,1438000306.62
1695,0,5.388,35.98908,-97.57114,1438000637.75
1696,0,5.647,35.98755,-97.56063,1438016790.55
1697,0,4.01,35.98838,-97.56212,1438019368.06
1698,0,5.0,35.98888,-97.57169,1438020735.38
1699,0,5.0,35.98848,-97.577,1438025276.93
1700,0,6.284,35.98833,-97.51813,1438031266.42
1701,3,5.0,35.74239,-97.37969,1438031958.09
1702,0,4.717,35.98823,-97.552,1438038930.44
1703,0,4.658,35.9886,-97.57887,1438043043.46
1704,0,5.382,35.98354,-97.54318,1438046095.49
1705,0,5.253,35.99086,-97.58134,1438046307.22
1706,0,4.682,35.98729,-97.56961,1438047555.02
1707,0,5.713,35.98786,-97.56208,1438063877.78
1708,0,3.513,35.99406,-97.56006,1438086059.59
1709,0,4.536,35.98508,-97.55647,1438086636.88
1710,0,4.032,35.98621,-97.55064,1438092960.03
1711,0,4.186,35.98624,-97.55264,1438107699.7
1712,3,6.075,35.75735,-97.36031,1438129441.85
1713,1,3.125,35.81919,-97.45055,1438138681.45
1714,1,5.0,35.82285,-97.40752,1438214777.98
1715,3,5.0,35.74148,-97.37845,1438247710.75
1716,1,4.185,35.81691,-97.44633,1438278561.05
1717,0,0.133,35.98352,-97.54754,1438306761.88
1718,0,5.64,35.98367,-97.55344,1438308638.95
1719,3,5.567,35.75311,-97.35796,1438310612.43
1720,3,3.059,35.74654,-97.3614,1438418534.86
1721,3,5.231,35.74191,-97.38779,1438450822.6
1722,3,5.0,35.76017,-97.29795,1438581368.1
1723,2,5.98,35.9934,-97.22798,1438643874.76
1724,3,5.276,35.78712,-97.31079,1438690283.91
1725,3,5.719,35.7892,-97.31464,1438701812.75
1726,3,0.106,35.78683,-97.31192,1438728863.54
1727,4,5.448,35.92165,-97.34129,1438780032.7
1728,0,5.592,35.98738,-97.57582,1438885699.54
1729,3,3.78,35.79208,-97.30685,1438896000.74
1730,3,6.387,35.79023,-97.31127,1438959421.62
1731,5,7.455,35.7524,-97.47695,1438978877.24
1732,3,6.563,35.74183,-97.37984,1439018379.56
1733,1,6.456,35.81345,-97.41783,1439045731.03
1734,0,5.523,35.98683,-97.56415,1439088801.8
1735,3,5.75,35.74442,-97.37365,1439286804.67
1736,3,5.0,35.74511,-97.38943,1439474381.85
1737,3,5.909,35.74421,-97.38928,1439476378.52
1738,3,6.15,35.74551,-97.38998,1439477289.79
1739,5,6.591,35.73816,-97.57777,1439525709.34
1740,0,5.372,35.98401,-97.55083,1439642185.77
1741,0,5.529,35.98093,-97.54704,1439702436.97
1742,3,6.027,35.74372,-97.38715,1439791888.08
1743,1,5.425,35.82216,-97.43296,1440104680.47
1744,3,6.184,35.74016,-97.38026,1440178073.12
1745,3,5.665,35.70675,-97.23235,1440427196.12
1746,1,5.767,35.82856,-97.40649,1440432581.59
1747,2,0.106,35.88098,-97.26438,1440513971.62
1748,2,5.101,35.88086,-97.25979,1440515278.7
1749,3,6.07,35.70264,-97.44666,1440575799.55
1750,3,5.946,35.70275,-97.44639,1440578634.47
1751,4,5.434,35.93277,-97.39336,1440645263.16
1752,0,5.878,35.98732,-97.56049,1440766185.14
1753,0,5.87,35.98678,-97.56231,1440821103.85
1754,1,4.128,35.81675,-97.44447,1440933579.34
1755,1,5.0,35.81521,-97.45352,1440937040.41
1756,3,6.339,35.74342,-97.35612,1440944814.49
1757,3,5.0,35.74382,-97.35624,1440983043.24
1758,2,7.176,35.89383,-97.27917,1441105692.83
1759,0,5.599,35.97837,-97.55685,1441119934.39
1760,2,6.091,35.99459,-97.22288,1441223196.51
1761,4,5.439,35.92136,-97.33763,1441300805.69
1762,5,6.992,35.77074,-97.48642,1441397475.12
1763,4,5.289,35.95456,-97.30732,1442002080.1
1764,0,6.369,35.98532,-97.5616,1442055344.32
1765,0,5.025,35.98366,-97.56358,1442057220.55
1766,0,5.607,35.98686,-97.55811,1442057220.63
1767,3,6.457,35.74445,-97.35525,1442065628.82
1768,0,5.454,35.98579,-97.55743,1442066466.85
1769,3,5.391,35.74372,-97.35522,1442251529.18
1770,3,6.366,35.74299,-97.35229,1442309141.7
1771,2,5.0,35.90099,-97.25455,1442785196.11
1772,2,6.869,35.86856,-97.27203,1443041785.19
1773,1,4.532,35.80486,-97.41158,1443065523.35
1774,0,5.769,35.98384,-97.55293,1443238658.52
1775,3,5.911,35.74156,-97.35399,1443351329.83
1776,2,7.307,35.96984,-97.21812,1443627995.92
1777,2,7.155,35.96885,-97.21329,1443631031.16
1778,1,5.12,35.80878,-97.41018,1443743899.98
1779,1,4.312,35.81173,-97.40952,1443809457.41
1780,1,5.711,35.8096,-97.44872,1443860970.72
1781,1,5.026,35.8092,-97.41152,1443872171.81
1782,1,5.449,35.85725,-97.36021,1443977850.75
1783,1,6.805,35.82405,-97.40643,1444021269.26
1784,4,5.413,35.97102,-97.40678,1444064518.6
1785,4,5.623,35.97344,-97.33463,1444344777.89
1786,3,6.682,35.74696,-97.37232,1444524920.69
1787,1,6.185,35.89847,-97.4338,1444713687.35
1788,4,6.178,35.95015,-97.38747,1444804935.77
1789,2,4.847,35.8566,-97.34637,1444891803.16
1790,2,5.494,35.8556,-97.34486,1444928984.77
1791,2,5.822,35.85284,-97.35011,1445137971.74
1792,2,5.582,35.8532,-97.34921,1445144854.29
1793,1,5.229,35.85183,-97.35155,1445207043.36
1794,1,5.742,35.85368,-97.35648,1445592357.83
1795,2,5.576,35.89457,-97.26454,1445733049.97
1796,2,5.849,35.8129,-97.23446,1445902204.58
1797,3,5.959,35.7393,-97.37688,1446063312.75
1798,1,3.84,35.85908,-97.35811,1446081647.21
1799,1,5.516,35.85406,-97.354,1446127640.25
1800,1,5.828,35.85782,-97.35444,1446205026.38
1801,4,5.373,35.91987,-97.33309,1446483456.74
1802,3,3.515,35.74778,-97.36653,1446484476.21
1803,4,7.158,35.91899,-97.33035,1446485739.43
1804,4,1.443,35.91827,-97.32674,1446486254.64
1805,4,4.893,35.91966,-97.33633,1446532218.88
1806,1,4.176,35.81413,-97.42751,1446550303.21
1807,1,5.9,35.81924,-97.43581,1446559550.94
1808,2,6.601,35.91348,-97.2423,1446568323.51
1809,4,5.83,35.90953,-97.33358,1446631136.16
1810,2,5.419,35.85466,-97.35223,1446645485.78
1811,1,5.596,35.85943,-97.3595,1446646117.1
1812,1,5.669,35.85459,-97.35383,1446650310.83
1813,1,5.098,35.85509,-97.35296,1446674115.52
1814,1,2.913,35.86222,-97.36108,1446678670.41
1815,2,4.961,35.85823,-97.35271,1446705702.18
1816,1,5.38,35.85815,-97.36067,1446735709.97
1817,2,5.742,35.8561,-97.35091,1446778942.67
1818,4,5.925,35.91646,-97.33544,1446794407.08
1819,4,5.411,35.9158,-97.33741,1446975223.48
1820,4,5.495,35.91972,-97.33968,1447320267.3
1821,2,5.614,35.79329,-97.24834,1447840242.81
1822,2,5.0,35.79342,-97.25156,1447868789.42
1823,2,5.569,35.79209,-97.24824,1447872129.55
1824,4,6.129,35.92122,-97.33077,1448203080.38
1825,4,4.722,35.99625,-97.29749,1448337151.9
1826,4,5.484,35.99641,-97.30058,1448506262.09
1827,3,6.799,35.74688,-97.36494,1448604345.53
1828,5,7.124,35.755,-97.57826,1448621906.42
1829,4,6.292,35.91789,-97.3382,1448807742.19
1830,4,6.465,35.91602,-97.33677,1448859999.51
1831,1,4.36,35.83844,-97.3894,1449402824.31
1832,4,5.82,35.91734,-97.33985,1449508982.04
1833,2,5.585,35.85791,-97.2281,1449537352.55
1834,2,5.8,35.95528,-97.2126,1449785369.14
1835,3,4.769,35.74179,-97.35152,1450197040.76
1836,1,5.48,35.81759,-97.39549,1450269508.36
1837,4,5.743,35.99952,-97.30057,1450304245.19
1838,2,5.588,35.99158,-97.22945,1450331771.43
1839,4,2.761,35.99655,-97.29533,1450364571.63
1840,4,4.667,35.99828,-97.2948,1450597988.38
1841,3,5.58,35.74311,-97.35342,1450802349.59
1842,1,6.359,35.81808,-97.42836,1450970014.66
1843,1,5.855,35.81832,-97.42546,1450970095.15
1844,1,2.803,35.81596,-97.42327,1450995702.06
1845,2,7.206,35.88618,-97.282,1451194429.87
1846,1,5.848,35.81455,-97.39259,1451306770.01
1847,3,6.521,35.74318,-97.35593,1451410515.32
1848,2,5.602,35.94128,-97.30031,1451413129.47
1849,2,5.688,35.94134,-97.2943,1451427195.62
1850,2,6.66,35.94247,-97.29936,1451427467.95
1851,2,5.078,35.94014,-97.29372,1451428820.1
1852,2,7.69,35.94309,-97.30014,1451474568.53
1853,5,6.479,35.78598,-97.56871,1451593874.35
1854,5,5.89,35.77966,-97.56736,1451615294.66
1855,2,6.862,35.89756,-97.24624,1451618971.88
1856,1,5.299,35.82013,-97.43729,1451673624.71
1857,1,5.632,35.82095,-97.43641,1451680087.68
1858,4,6.886,35.95354,-97.39732,1451688026.62
1859,4,6.413,35.95232,-97.39479,1451690158.94
1860,1,4.719,35.8204,-97.42771,1451705722.1
1861,3,6.49,35.7429,-97.35693,1451762773.7
1862,3,6.662,35.74315,-97.35704,1451766400.4
1863,2,6.002,35.93626,-97.29628,1451851048.71
1864,1,4.066,35.86526,-97.39912,1451963377.35
1865,2,4.832,35.94135,-97.30128,1452049255.48
1866,2,5.0,35.87734,-97.25743,1452074163.54
1867,2,5.834,35.88002,-97.26278,1452079145.71
1868,4,3.311,35.9917,-97.30278,1452211033.12
1869,2,6.551,35.99157,-97.21958,1452354084.22
1870,4,2.898,35.99385,-97.30157,1452409318.02
1871,0,5.951,35.917,-97.52525,1452502088.19
1872,4,6.964,35.9516,-97.39279,1452604170.45
1873,4,7.632,35.95158,-97.39178,1452656659.29
1874,2,5.704,35.8746,-97.34461,1452701199.68
1875,1,6.466,35.82774,-97.40087,1452784071.56
1876,4,5.984,35.95145,-97.38535,1452996244.66
1877,4,5.322,35.87416,-97.34708,1453016167.44
1878,0,6.014,35.91763,-97.54404,1453031449.01
1879,4,5.438,35.94026,-97.42741,1453070291.59
1880,4,6.882,35.9526,-97.38966,1453135316.35
1881,3,5.936,35.74663,-97.35647,1453280158.05
1882,0,5.591,35.97972,-97.54335,1453282222.09
1883,2,5.91,35.89616,-97.24854,1453442701.68
1884,2,4.872,35.8795,-97.33933,1453697769.56
1885,2,5.354,35.88052,-97.33729,1453701041.76
1886,2,5.643,35.88079,-97.34008,1453705750.01
1887,4,5.262,35.88006,-97.34272,1453714693.2
1888,2,5.0,35.88094,-97.33704,1453716343.36
1889,4,6.412,35.95242,-97.38514,1453801841.89
1890,4,6.679,35.95216,-97.38598,1453868936.35
1891,4,7.62,35.95127,-97.38748,1454113946.14
1892,4,5.048,35.98805,-97.41852,1454390466.82
1893,4,5.732,35.95534,-97.36838,1454482842.92
1894,4,6.315,35.95015,-97.38598,1454617659.7
1895,4,6.971,35.95105,-97.38901,1454622488.73
1896,2,6.927,35.84977,-97.24494,1456053787.11
1897,4,5.984,35.90576,-97.41692,1456124211.6
1898,5,7.177,35.7746,-97.48634,1456394131.34
1899,5,6.955,35.77289,-97.48327,1456395430.11
1900,2,7.862,35.87625,-97.30927,1456400343.62
1901,2,6.44,35.87574,-97.30873,1456406122.55
1902,2,6.7,35.8752,-97.31397,1456537248.6
1903,1,6.239,35.84044,-97.34704,1456588596.98
1904,2,5.0,35.86343,-97.21574,1457215041.24
1905,2,5.0,35.86304,-97.21224,1457216492.44
1906,2,5.811,35.86355,-97.21395,1457304292.23
1907,4,6.219,35.91915,-97.33881,1457429322.09
1908,5,6.593,35.77541,-97.46448,1458401680.3
1909,2,6.497,35.87347,-97.31076,1458642404.67
1910,2,6.35,35.87719,-97.31012,1458684176.64
1911,2,6.128,35.87667,-97.30504,1458720314.44
1912,0,5.183,35.98997,-97.57742,1459227181.28
1913,0,5.592,35.98577,-97.56116,1459237233.61
1914,0,5.556,35.98897,-97.57249,1459246784.75
1915,1,6.392,35.81078,-97.42275,1459351247.84
1916,2,5.438,35.87864,-97.30463,1459447995.09
1917,1,6.215,35.80926,-97.42156,1459534236.99
1918,2,6.311,35.84236,-97.23722,1459795689.8
1919,4,7.702,35.92492,-97.39187,1460165496.61
1920,2,6.131,35.98413,-97.20212,1460381622.0
1921,2,5.912,35.89917,-97.24894,1460424451.59
1922,2,6.085,35.98454,-97.20181,1460509112.77
1923,4,5.025,35.95428,-97.36732,1460754262.26
1924,3,6.428,35.73583,-97.36161,1460913576.41
1925,2,5.917,35.84419,-97.23874,1461058455.38
1926,3,6.209,35.74326,-97.3506,1461235869.18
1927,0,5.3,35.97863,-97.54346,1461298935.89
1928,4,6.266,35.95156,-97.37905,1461355963.46
1929,4,5.612,35.9581,-97.36999,1461422033.74
1930,4,5.684,35.99161,-97.41508,1462110321.18
1931,2,5.6,35.99385,-97.22121,1462297856.99
1932,0,5.163,35.9784,-97.54578,1462299747.71
1933,1,5.691,35.84369,-97.38047,1462492970.2
1934,2,5.943,35.98335,-97.20745,1462529886.56
1935,2,5.107,35.85836,-97.22114,1462727249.38
1936,2,5.262,35.85723,-97.22019,1462736653.49
1937,2,4.896,35.83968,-97.26631,1463364057.42
1938,1,2.981,35.84111,-97.38647,1463478364.46
1939,2,5.232,35.83627,-97.26278,1463483153.49
1940,1,5.391,35.83891,-97.38439,1463507473.86
1941,4,6.297,35.95309,-97.39308,1463673335.47
1942,2,5.848,35.85723,-97.22537,1463692628.51
1943,2,3.923,35.85616,-97.22524,1463717263.01
1944,5,6.003,35.79812,-97.59371,1463777803.67
1945,5,5.597,35.79565,-97.59469,1463780190.1
1946,2,5.168,35.97844,-97.20015,1463962977.49
1947,2,5.018,35.97809,-97.20014,1463966657.41
1948,2,4.317,35.99437,-97.22221,1464325847.49
1949,0,5.55,35.97955,-97.54447,1464336122.14
1950,2,5.447,35.85667,-97.22196,1464514356.19
1951,2,5.384,35.85927,-97.22395,1465299785.56
1952,0,5.461,35.97861,-97.54429,1465314207.39
1953,2,4.737,35.85404,-97.22111,1465316384.78
1954,1,5.585,35.84617,-97.3827,1465580529.46
1955,2,5.951,35.8575,-97.2246,1465726525.52
1956,2,5.983,35.85512,-97.23106,1465760673.52
1957,2,6.334,35.83608,-97.26327,1465945309.73
1958,2,5.305,35.98984,-97.23187,1466007403.27
1959,2,5.993,35.80276,-97.2487,1466265956.17
1960,2,5.958,35.85566,-97.22631,1466492853.65
1961,2,5.641,35.85614,-97.22729,1467143876.05
1962,2,5.99,35.85756,-97.22587,1467257751.8
1963,2,5.905,35.84864,-97.22972,1467434176.87
1964,4,5.907,35.9143,-97.33855,1467445259.48
1965,2,5.58,35.8519,-97.23095,1467573954.49
1966,2,5.947,35.85124,-97.23211,1467666104.18
1967,2,5.951,35.85076,-97.22881,1467679907.73
1968,2,6.549,35.85104,-97.23305,1467694733.64
1969,2,5.92,35.8037,-97.24072,1467722911.26
1970,2,6.079,35.85038,-97.23065,1467725410.43
1971,1,5.096,35.8779,-97.3966,1467774563.69
1972,5,5.344,35.8098,-97.57172,1467818349.99
1973,4,4.64,35.91125,-97.33667,1467915194.17
1974,2,6.576,35.87851,-97.30767,1467956375.82
1975,2,5.0,35.97945,-97.20089,1468081223.07
1976,2,6.054,35.97662,-97.20036,1468081751.65
1977,2,6.53,35.80411,-97.24286,1468107272.26
1978,2,5.593,35.85512,-97.22157,1468366069.43
1979,2,5.045,35.95935,-97.23277,1468523270.83
1980,2,5.0,35.8511,-97.22902,1468548041.4
1981,2,7.011,35.80482,-97.24324,1468564896.77
1982,4,4.872,35.9136,-97.34837,1468669678.86
1983,0,5.54,35.89135,-97.59132,1468974735.49
1984,4,5.624,35.94185,-97.40637,1469178082.28
1985,4,5.283,35.91175,-97.34927,1469520721.13
1986,2,4.586,35.85246,-97.23568,1469633786.12
1987,2,5.411,35.8519,-97.23657,1469639556.29
1988,1,4.714,35.81023,-97.45096,1470237770.86
1989,2,6.383,35.97696,-97.20234,1472529792.25
1990,2,5.129,35.9765,-97.20147,1472855359.57
1991,2,5.69,35.94267,-97.29569,1473166800.89
1992,4,5.774,35.86784,-97.36091,1473200768.83
1993,2,6.599,35.95684,-97.22663,1473680333.19
1994,2,7.164,35.95683,-97.22626,1473814959.38
1995,5,6.955,35.77811,-97.46428,1474095592.4
1996,2,6.206,35.8567,-97.22779,1474182291.59
1997,2,5.447,35.84977,-97.23606,1474209154.59
1998,2,5.611,35.85127,-97.23882,1474209767.36
1999,2,5.573,35.85266,-97.23789,1474258591.25
2000,2,6.061,35.85022,-97.2355,1474340021.59
2001,2,6.257,35.89141,-97.28066,1474356878.54
2002,2,5.312,35.85139,-97.23824,1474408900.07
2003,2,6.159,35.85309,-97.23456,1474438728.27
2004,2,5.242,35.84628,-97.23814,1474577396.48
2005,2,5.222,35.83278,-97.27177,1474875809.73
2006,2,5.79,35.98147,-97.20187,1474915829.09
2007,2,4.906,35.85091,-97.23903,1475034804.55
2008,2,5.0,35.8522,-97.23371,1475035482.36
2009,2,5.696,35.86238,-97.34535,1475164963.15
2010,5,5.786,35.74864,-97.54659,1475500517.07
2011,5,6.487,35.74771,-97.54705,1475834843.56
2012,5,6.214,35.74883,-97.54668,1475836812.92
2013,5,6.329,35.74941,-97.54631,1475876720.34
2014,2,5.902,35.85393,-97.23014,1476108823.96
2015,2,5.804,35.85348,-97.23735,1476192730.84
2016,4,6.005,35.91711,-97.33172,1476403399.66
2017,1,6.061,35.84446,-97.37197,1476983347.91
2018,5,6.218,35.76093,-97.45458,1477196227.56
2019,2,6.097,35.85041,-97.33333,1478575381.18
2020,4,6.028,35.99521,-97.4177,1479210408.26
